{"stat.chestOpened":11,"stat.useItem.exnihiloadscensio.itemMaterial":4,"stat.pickup.exnihiloadscensio.itemSeedJungle":5,"stat.craftItem.minecraft.ladder":6,"stat.craftItem.exnihiloadscensio.hammerStone":10,"stat.leaveGame":1,"stat.mineBlock.exnihiloadscensio.blockInfestedLeaves":55,"stat.pickup.minecraft.gravel":75,"stat.useItem.extrautils2.compressedcobblestone":8,"stat.mineBlock.minecraft.cobblestone":3,"stat.pickup.exnihiloadscensio.itemSeedSpruce":1,"stat.useItem.minecraft.apple":24,"stat.breakItem.minecraft.wooden_axe":3,"stat.pickup.exnihiloadscensio.itemSeedBirch":5,"stat.breakItem.excompressum.compressed_crook":5,"stat.craftItem.minecraft.flint":4,"stat.craftItem.excompressum.compressed_hammer_stone":1,"stat.pickup.exnihiloadscensio.itemPebble":1022,"stat.craftItem.minecraft.coal":39,"stat.useItem.woodenshears.wshears":1292,"stat.craftItem.extrautils2.compressedcobblestone":8,"stat.mineBlock.extrautils2.compressedcobblestone":8,"stat.jump":97,"stat.pickup.minecraft.coal":7,"stat.useItem.minecraft.planks":189,"stat.climbOneCm":4376,"stat.fallOneCm":484,"achievement.buildWorkBench":1,"stat.useItem.minecraft.stone_axe":264,"stat.pickup.minecraft.melon_seeds":7,"stat.useItem.exnihiloadscensio.crookWood":258,"stat.crouchOneCm":30546,"stat.pickup.exnihiloadscensio.itemOreAluminium":2,"stat.mineBlock.minecraft.chest":1,"stat.craftItem.actuallyadditions.blockGiantChest":1,"stat.craftItem.minecraft.chest":4,"stat.craftItem.minecraft.torch":24,"stat.pickup.minecraft.dirt":247,"stat.useItem.minecraft.dirt":3,"achievement.exploreAllBiomes":{"value":0,"progress":["Plains"]},"stat.craftingTableInteraction":83,"stat.pickup.minecraft.sand":18,"stat.craftItem.minecraft.furnace":1,"stat.pickup.actuallyadditions.itemCanolaSeed":11,"stat.pickup.exnihiloadscensio.itemSeedSugarcane":10,"stat.useItem.minecraft.sapling":72,"stat.useItem.betterbuilderswands.wandStone":90,"stat.pickup.minecraft.leaves":1291,"stat.craftItem.minecraft.stone_axe":2,"stat.breakItem.woodenshears.wshears":34,"stat.damageTaken":20,"stat.craftItem.exnihiloadscensio.crookWood":26,"stat.mineBlock.minecraft.torch":2,"stat.pickup.exnihiloadscensio.itemMaterial":185,"stat.useItem.minecraft.furnace":1,"stat.pickup.exnihiloadscensio.itemSeedDarkOak":6,"stat.useItem.excompressum.compressed_crook":3524,"stat.pickup.minecraft.dye":4,"stat.pickup.minecraft.planks":34,"stat.useItem.actuallyadditions.blockGiantChest":1,"stat.useItem.exnihiloadscensio.blockBarrel0":9,"stat.pickup.exnihiloadscensio.itemOreIron":6,"stat.useItem.exnihiloadscensio.blockBarrel1":1,"stat.pickup.minecraft.wheat_seeds":5,"stat.craftItem.exnihiloadscensio.blockBarrel1":1,"stat.craftItem.exnihiloadscensio.blockBarrel0":9,"stat.useItem.extrautils2.compressedgravel":2,"stat.craftItem.extrautils2.compressedsand":2,"stat.breakItem.minecraft.stone_axe":2,"stat.craftItem.minecraft.wooden_slab":12,"stat.craftItem.extrautils2.compresseddirt":27,"stat.pickup.actuallyadditions.itemFlaxSeed":9,"stat.pickup.exnihiloadscensio.itemSeedCarrot":15,"stat.pickup.literalascension.climbing_rope":16,"stat.pickup.actuallyadditions.itemBooklet":1,"stat.timeSinceDeath":126312,"stat.useItem.minecraft.crafting_table":3,"stat.mineBlock.excompressum.heavy_sieve":1,"stat.pickup.excompressum.heavy_sieve":1,"stat.craftItem.minecraft.stone_slab":6,"stat.pickup.exnihiloadscensio.itemSeedAcacia":4,"stat.useItem.excompressum.heavy_sieve":2,"stat.pickup.exnihiloadscensio.itemSeedPotato":13,"stat.walkOneCm":286968,"stat.useItem.minecraft.torch":18,"stat.useItem.minecraft.chest":1,"stat.pickup.minecraft.stick":28,"stat.pickup.exnihiloadscensio.itemOreGold":2,"stat.pickup.minecraft.crafting_table":2,"stat.useItem.minecraft.cobblestone":3,"stat.craftItem.minecraft.crafting_table":1,"stat.furnaceInteraction":15,"stat.craftItem.extrautils2.compressedgravel":7,"stat.pickup.integrateddynamics.menrilSapling":10,"ftbl.stat.last_seen":{"value":0,"progress":1500050169503},"stat.craftItem.exnihiloadscensio.itemMesh":2,"stat.pickup.minecraft.log":447,"stat.pickup.minecraft.string":66,"stat.craftItem.excompressum.compressed_crook":6,"stat.pickup.exnihiloadscensio.itemOreSilver":3,"stat.pickup.exnihiloadscensio.itemOreLead":3,"achievement.mineWood":147,"stat.craftItem.betterbuilderswands.wandStone":3,"stat.pickup.minecraft.sapling":812,"stat.craftItem.excompressum.heavy_sieve":1,"stat.sprintOneCm":1860,"stat.pickup.exnihiloadscensio.itemOreCopper":7,"stat.pickup.minecraft.apple":92,"stat.craftItem.minecraft.stick":288,"stat.craftItem.minecraft.wooden_axe":3,"achievement.openInventory":170,"stat.craftItem.minecraft.planks":816,"stat.craftItem.minicoal.miniCharcoal":312,"stat.craftItem.actuallyadditions.blockMisc":1,"stat.craftItem.minecraft.stone":9,"stat.pickup.exnihiloadscensio.itemSeedOak":2,"stat.mineBlock.minecraft.crafting_table":2,"stat.pickup.actuallyadditions.itemCoffeeSeed":13,"stat.pickup.minecraft.pumpkin_seeds":3,"stat.craftItem.literalascension.climbing_rope":16,"stat.useItem.excompressum.compressed_hammer_stone":12,"stat.pickup.exnihiloadscensio.blockDust":36,"ftbl.stat.first_joined":{"value":0,"progress":1500045958946},"stat.mineBlock.minecraft.log":446,"stat.craftItem.woodenshears.wshears":34,"stat.mineBlock.minecraft.planks":21,"stat.useItem.extrautils2.compressedsand":2,"stat.mineBlock.minecraft.leaves":6310,"stat.pickup.minecraft.beetroot_seeds":19,"stat.playOneMinute":126312,"stat.useItem.exnihiloadscensio.hammerStone":3,"stat.pickup.minecraft.torch":2,"stat.useItem.minecraft.ladder":5,"stat.sneakTime":11714,"stat.mineBlock.extrautils2.compressedsand":2,"stat.mineBlock.extrautils2.compressedgravel":2,"stat.useItem.minecraft.wooden_axe":180,"stat.breakItem.exnihiloadscensio.crookWood":2,"stat.pickup.actuallyadditions.itemRiceSeed":18,"stat.craftItem.minecraft.cobblestone":145,"stat.pickup.minecraft.chest":1,"stat.pickup.exnihiloadscensio.itemMesh":1}