{"stat.pickup.actuallyadditions.blockAtomicReconstructor":1,"stat.pickup.actuallyadditions.itemDust":115,"stat.pickup.minecraft.wooden_slab":2,"stat.pickup.draconicevolution.draconium_dust":5,"stat.leaveGame":12,"stat.drop.minecraft.redstone":18,"stat.pickup.actuallyadditions.itemCrafterOnAStick":2,"stat.craftItem.excompressum.compressed_hammer_stone":6,"stat.mineBlock.gravestone.gravestone":3,"stat.craftItem.exnihiloadscensio.itemOreGold":94,"stat.pickup.excompressum.compressed_block":5,"stat.craftItem.ironchest.BlockIronChest":1,"stat.craftItem.minecraft.stone_axe":3,"stat.pickup.minecraft.bucket":6,"achievement.buildPickaxe":3,"stat.craftItem.exnihiloadscensio.blockBarrel1":4,"stat.craftItem.exnihiloadscensio.blockBarrel0":9,"stat.craftItem.excompressum.compressed_hammer_diamond":7,"stat.mineBlock.minecraft.end_stone":162,"stat.craftItem.extrautils2.machine":9,"stat.useItem.actuallyadditions.blockBreaker":3,"stat.craftItem.actuallyadditions.blockAtomicReconstructor":1,"stat.useItem.minecraft.iron_pickaxe":115,"stat.craftItem.excompressum.auto_compressor":14,"stat.pickup.excompressum.heavy_sieve":10,"stat.pickup.exnihiloadscensio.itemSeedAcacia":4,"stat.craftItem.minecraft.glass_pane":48,"stat.mineBlock.excompressum.auto_hammer":6,"stat.mineBlock.excompressum.auto_sieve":6,"stat.craftItem.tp.iron_cobblegen_block":3,"stat.furnaceInteraction":267,"stat.pickup.exnihiloadscensio.hammerDiamond":1,"stat.craftItem.exnihiloadscensio.itemMesh":11,"stat.useItem.minecraft.end_stone":162,"stat.craftItem.excompressum.compressed_crook":7,"achievement.openInventory":1068,"stat.craftItem.actuallyadditions.blockMisc":9,"stat.useItem.minecraft.flint_and_steel":14,"stat.pickup.tconstruct.smeltery_io":2,"stat.pickup.exnihiloadscensio.itemSeedOak":2,"stat.drop.actuallyadditions.itemMisc":1,"stat.useItem.minecraft.dye":17,"stat.deaths":3,"stat.useItem.tconstruct.smeltery_io":3,"stat.craftItem.enderio.itemMaterial":216,"stat.craftItem.minecraft.iron_pickaxe":1,"stat.useItem.enderio.itemPowerConduit":102,"stat.pickup.minecraft.glass_pane":32,"stat.craftItem.immersiveengineering.metal":264,"stat.pickup.tconstruct.seared":4,"stat.chestOpened":257,"stat.mineBlock.ironchest.BlockIronChest":1,"stat.pickup.extrautils2.compressedcobblestone":1,"stat.useItem.tp.cobblegen_block":22,"stat.craftItem.actuallyadditions.itemCrafterOnAStick":1,"stat.pickup.minecraft.gold_nugget":79,"stat.useItem.minecraft.clay":40,"stat.craftItem.excompressum.auto_heavy_sieve":5,"stat.craftItem.minecraft.coal":715,"stat.pickup.exnihiloadscensio.itemOreNickel":353,"stat.crouchOneCm":72941,"stat.mineBlock.minecraft.chest":12,"stat.craftItem.minecraft.diamond":90,"stat.craftItem.minecraft.iron_ingot":607,"stat.craftingTableInteraction":399,"stat.craftItem.enderio.blockSagMill":1,"stat.mineBlock.exnihiloadscensio.blockBarrel1":7,"stat.mineBlock.exnihiloadscensio.blockBarrel0":2,"stat.pickup.excompressum.auto_compressor":2,"stat.pickup.exnihiloadscensio.itemMaterial":194,"stat.mineBlock.tconstruct.smeltery_io":2,"stat.pickup.ironchest.BlockIronChest":1,"stat.pickup.minecraft.dye":302,"stat.pickup.minecraft.planks":55,"stat.useItem.exnihiloadscensio.hammerDiamond":117,"stat.pickup.minecraft.wheat_seeds":5,"stat.craftItem.tconstruct.seared_furnace_controller":1,"stat.craftItem.extrautils2.pipe":80,"stat.pickup.exnihiloadscensio.itemSeedPotato":18,"stat.useItem.minecraft.cobblestone":286,"stat.craftItem.enderio.itemMachinePart":11,"stat.useItem.minecraft.gravel":12,"stat.mineBlock.enderio.blockCombustionGenerator":1,"stat.pickup.minecraft.iron_pickaxe":2,"stat.pickup.exnihiloadscensio.itemOreLead":348,"stat.craftItem.minecraft.gold_ingot":181,"stat.pickup.minecraft.apple":103,"stat.pickup.minecraft.end_stone":23,"stat.craftItem.immersiveengineering.tool":1,"stat.craftItem.enderio.blockCapBank":1,"stat.craftItem.minecraft.bucket":7,"stat.craftItem.minecraft.planks":1668,"stat.pickup.extrautils2.filter":5,"stat.mineBlock.excompressum.auto_compressor":2,"stat.pickup.actuallyadditions.blockFluidCollector":1,"stat.craftItem.literalascension.climbing_rope":112,"stat.useItem.excompressum.compressed_block":4,"stat.mineBlock.minecraft.log":657,"achievement.acquireIron":208,"stat.mineBlock.storagedrawers.basicDrawers":2,"stat.craftItem.exnihiloadscensio.itemMaterial":89,"stat.useItem.minecraft.wooden_axe":180,"stat.pickup.extrautils2.pipe":68,"stat.craftItem.minecraft.cobblestone":199,"draconicevolution.dust":5,"stat.craftItem.excompressum.auto_sieve":2,"stat.pickup.exnihiloadscensio.blockBarrel0":2,"stat.pickup.exnihiloadscensio.blockBarrel1":7,"stat.useItem.minecraft.iron_axe":196,"stat.mineBlock.minecraft.cobblestone":72,"achievement.actuallyadditions.getCrystalsMilestone":{"value":0,"progress":["7"]},"stat.useItem.enderio.blockCapBank":2,"achievement.buildWorkBench":122,"stat.useItem.exnihiloadscensio.crookWood":258,"stat.craftItem.minecraft.furnace":18,"stat.pickup.tp.cobblegen_block":9,"stat.useItem.storagedrawers.basicDrawers":18,"stat.mineBlock.minecraft.clay":40,"stat.useItem.actuallyadditions.blockGiantChest":7,"stat.flyOneCm":4484,"stat.craftItem.actuallyadditions.itemMisc":23,"stat.useItem.extrautils2.compressedgravel":220,"stat.craftItem.extrautils2.grocket":28,"stat.pickup.excompressum.auto_hammer":6,"stat.useItem.excompressum.auto_hammer":8,"stat.timeSinceDeath":368994,"stat.useItem.exnihiloadscensio.blockDust":7,"stat.useItem.actuallyadditions.blockPlacer":1,"stat.craftItem.minecraft.iron_block":12,"stat.craftItem.minecraft.stonebrick":20,"stat.pickup.exnihiloadscensio.itemOreGold":375,"stat.mineBlock.enderio.blockCapBank":1,"stat.craftItem.tconstruct.seared":37,"stat.craftItem.excompressum.auto_compressed_hammer":7,"stat.useItem.simplegenerators.lava_generator":2,"stat.pickup.minecraft.string":142,"stat.mineBlock.minecraft.ladder":5,"stat.craftItem.excompressum.heavy_sieve":8,"stat.breakItem.excompressum.compressed_hammer_stone":3,"stat.sprintOneCm":114947,"stat.pickup.immersiveengineering.tool":2,"stat.craftItem.minecraft.wooden_axe":3,"stat.mineBlock.extrautils2.machine":4,"stat.useItem.ceramics.clay_bucket":3,"stat.useItem.tconstruct.seared_tank":10,"stat.craftItem.excompressum.wooden_crucible":3,"stat.useItem.minecraft.ladder":5,"stat.mineBlock.extrautils2.compressedsand":205,"stat.pickup.minecraft.iron_block":10,"stat.craftItem.minecraft.dye":126,"stat.pickup.exnihiloadscensio.itemSeedJungle":5,"stat.pickup.extrautils2.machine":4,"stat.craftItem.minecraft.ladder":6,"stat.pickup.exnihiloadscensio.itemPebble":1500,"achievement.simplegenerators.craft_lava_gen":8,"stat.useItem.woodenshears.wshears":2049,"stat.jump":649,"stat.useItem.minecraft.sand":2,"stat.pickup.minecraft.coal":286,"stat.useItem.enderio.blockCombustionGenerator":1,"stat.pickup.minecraft.iron_ingot":175,"stat.pickup.tconstruct.seared_tank":10,"stat.craftItem.minecraft.lever":1,"stat.pickup.minecraft.gunpowder":320,"stat.craftItem.actuallyadditions.blockGiantChest":5,"stat.craftItem.minecraft.torch":92,"stat.pickup.minecraft.dirt":339,"stat.useItem.ironchest.BlockIronChest":1,"stat.mineBlock.excompressum.wooden_crucible":3,"stat.pickup.exnihiloadscensio.itemSeedSugarcane":14,"stat.useItem.minecraft.sapling":102,"stat.pickup.minecraft.iron_axe":2,"stat.damageTaken":1520,"stat.mineBlock.minecraft.torch":14,"stat.pickup.immersiveengineering.metal":25,"stat.mineBlock.excompressum.compressed_block":4,"stat.pickup.enderio.blockCombustionGenerator":1,"stat.craftItem.extrautils2.compressedsand":211,"stat.craftItem.exnihiloadscensio.blockSieve":2,"stat.useItem.excompressum.auto_heavy_sieve":5,"stat.craftItem.minecraft.stone_slab":36,"stat.useItem.minecraft.chest":22,"stat.craftItem.tconstruct.smeltery_io":1,"stat.craftItem.enderio.itemAlloy":86,"stat.craftItem.rftools.coalgenerator":2,"stat.useItem.minecraft.redstone_ore":1,"stat.pickup.minecraft.ladder":5,"stat.useItem.minecraft.netherrack":28,"stat.craftItem.enderio.blockTank":2,"stat.pickup.actuallyadditions.itemCoffeeSeed":20,"stat.pickup.exnihiloadscensio.blockEndstoneCrushed":170,"stat.pickup.excompressum.wooden_crucible":3,"stat.pickup.minecraft.diamond":19,"stat.pickup.minecraft.beetroot_seeds":25,"stat.pickup.minecraft.torch":100,"stat.pickup.rftools.coalgenerator":1,"stat.mineBlock.tp.cobblegen_block":9,"stat.drop.tconstruct.seared_tank":1,"stat.breakItem.exnihiloadscensio.crookWood":2,"stat.useItem.betterbuilderswands.wandIron":163,"stat.craftItem.enderio.blockStirlingGenerator":3,"stat.mineBlock.tconstruct.seared_tank":8,"stat.pickup.enderio.itemPowerConduit":42,"stat.pickup.simplegenerators.lava_generator":8,"stat.craftItem.minecraft.iron_axe":1,"stat.mineBlock.extrautils2.compressedcobblestone":360,"stat.useItem.minecraft.planks":203,"stat.useItem.rftools.coalgenerator":2,"stat.pickup.minecraft.glowstone_dust":114,"stat.pickup.minecraft.blaze_powder":87,"stat.pickup.minecraft.glass":127,"stat.pickup.actuallyadditions.blockBreaker":2,"stat.useItem.minecraft.water_bucket":5,"stat.pickup.minecraft.sand":1994,"stat.craftItem.minicoal.miniCoal":584,"stat.craftItem.exnihiloadscensio.blockCrucible":24,"achievement.diamonds":12,"stat.craftItem.tconstruct.casting":1,"stat.useItem.exnihiloadscensio.blockCrucible":26,"stat.mineBlock.simplegenerators.lava_generator":1,"stat.mineBlock.minecraft.sand":2,"stat.pickup.actuallyadditions.itemFlaxSeed":18,"achievement.buildBetterPickaxe":3,"stat.pickup.actuallyadditions.itemBooklet":1,"stat.useItem.excompressum.heavy_sieve":10,"stat.craftItem.minecraft.hardened_clay":1,"stat.craftItem.exnihiloadscensio.itemOreIron":297,"stat.useItem.extrautils2.pipe":95,"stat.pickup.extrautils2.compressedsand":6,"achievement.mineWood":213,"stat.mineBlock.excompressum.auto_heavy_sieve":2,"stat.useItem.minecraft.stone_stairs":8,"stat.pickup.enderio.itemPowderIngot":5,"stat.pickup.minecraft.stone_stairs":3,"stat.craftItem.minecraft.sand":216,"stat.pickup.minecraft.pumpkin_seeds":9,"stat.craftItem.moarsigns.moar_sign":3,"stat.craftItem.minecraft.heavy_weighted_pressure_plate":18,"stat.mineBlock.exnihiloadscensio.blockCrucible":16,"stat.playOneMinute":1309687,"stat.useItem.exnihiloadscensio.hammerStone":98,"stat.useItem.tp.iron_cobblegen_block":3,"stat.pickup.minecraft.netherrack":30,"stat.pickup.exnihiloadscensio.itemMesh":14,"stat.craftItem.tp.cobblegen_block":16,"stat.mineBlock.minecraft.netherrack":18,"stat.pickup.extrautils2.flattransfernode":40,"stat.pickup.exnihiloadscensio.itemSeedBirch":5,"stat.breakItem.excompressum.compressed_crook":6,"stat.craftItem.minecraft.flint":16,"stat.pickup.exnihiloadscensio.blockCrucible":16,"stat.useItem.excompressum.auto_compressor":15,"stat.fallOneCm":20152,"stat.pickup.excompressum.compressed_crook":2,"stat.drop.minecraft.dye":1,"stat.pickup.minecraft.melon_seeds":9,"stat.mineBlock.enderio.blockStirlingGenerator":5,"stat.craftItem.minecraft.chest":57,"stat.useItem.minecraft.furnace":3,"stat.pickup.exnihiloadscensio.itemSeedDarkOak":6,"stat.craftItem.tconstruct.materials":225,"stat.useItem.excompressum.compressed_crook":3599,"stat.mineBlock.minecraft.gravel":12,"stat.breakItem.minecraft.stone_axe":2,"stat.useItem.minecraft.stone_pickaxe":130,"stat.craftItem.tconstruct.seared_tank":2,"stat.pickup.literalascension.climbing_rope":27,"stat.craftItem.rftools.machine_frame":10,"stat.pickup.minecraft.flint_and_steel":2,"stat.useItem.minecraft.torch":78,"stat.useItem.extrautils2.grocket":37,"stat.craftItem.minecraft.redstone_block":1,"stat.craftItem.minecraft.stone_stairs":8,"stat.pickup.minecraft.crafting_table":3,"stat.craftItem.minecraft.crafting_table":62,"stat.craftItem.extrautils2.compressedgravel":371,"stat.mineBlock.enderio.blockConduitBundle":30,"stat.craftItem.extrautils2.filter":7,"stat.craftItem.ceramics.clay_bucket":5,"stat.pickup.extrautils2.grocket":23,"stat.pickup.minecraft.log":727,"stat.craftItem.betterbuilderswands.wandStone":3,"stat.pickup.minecraft.sapling":960,"stat.pickup.exnihiloadscensio.itemOreCopper":23,"stat.craftItem.exnihiloadscensio.itemOreCopper":14,"stat.mineBlock.minecraft.iron_block":2,"stat.craftItem.tconstruct.smeltery_controller":1,"stat.pickup.actuallyadditions.itemMisc":1,"stat.craftItem.minicoal.miniCharcoal":632,"stat.craftItem.enderio.blockAlloySmelter":1,"stat.mineBlock.exnihiloadscensio.blockDust":7,"stat.pickup.actuallyadditions.blockGiantChest":2,"ftbl.stat.first_joined":{"value":0,"progress":1500045958946},"stat.craftItem.woodenshears.wshears":54,"stat.sneakTime":29602,"stat.mineBlock.extrautils2.compressedgravel":220,"stat.pickup.minecraft.stone_slab":2,"stat.pickup.actuallyadditions.itemRiceSeed":20,"stat.pickup.minecraft.chest":12,"stat.drop.minecraft.stone_pickaxe":1,"stat.pickup.actuallyadditions.itemCrystal":15,"stat.craftItem.ceramics.unfired_clay":5,"stat.craftItem.extrautils2.compressedcobblestone":368,"stat.swimOneCm":1345,"stat.climbOneCm":14586,"stat.pickup.excompressum.auto_sieve":6,"stat.useItem.minecraft.dirt":4,"achievement.exploreAllBiomes":{"value":0,"progress":["Plains","Extreme Hills"]},"stat.breakItem.woodenshears.wshears":53,"stat.pickup.minecraft.anvil":1,"stat.craftItem.minecraft.stone_pickaxe":1,"stat.craftItem.actuallyadditions.blockPlacer":1,"stat.pickup.minecraft.cobblestone":1345,"stat.craftItem.actuallyadditions.blockBreaker":2,"stat.useItem.exnihiloadscensio.blockBarrel0":10,"stat.pickup.minecraft.clay":24,"stat.useItem.exnihiloadscensio.blockBarrel1":10,"stat.useItem.actuallyadditions.blockFluidCollector":2,"stat.craftItem.minecraft.wooden_slab":18,"stat.craftItem.extrautils2.compresseddirt":37,"stat.pickup.extrautils2.compressedgravel":1,"stat.pickup.minecraft.redstone":146,"stat.drop.minecraft.coal":2,"stat.useItem.minecraft.lever":1,"stat.useItem.enderio.blockSagMill":1,"stat.pickup.integrateddynamics.menrilSapling":19,"stat.useItem.enderio.blockStirlingGenerator":8,"stat.craftItem.tconstruct.soil":240,"stat.pickup.exnihiloadscensio.itemOreSilver":80,"stat.craftItem.enderio.blockCombustionGenerator":1,"stat.craftItem.minecraft.stick":700,"stat.craftItem.minecraft.stone":86,"stat.craftItem.minecraft.gold_nugget":189,"stat.useItem.tconstruct.casting":1,"stat.mineBlock.minecraft.crafting_table":3,"stat.craftItem.betterbuilderswands.wandIron":7,"stat.useItem.excompressum.compressed_hammer_stone":785,"achievement.buildFurnace":12,"stat.mineBlock.minecraft.planks":38,"stat.useItem.extrautils2.compressedsand":205,"stat.drop":24,"stat.useItem.tconstruct.seared":33,"stat.craftItem.extrautils2.flattransfernode":64,"stat.craftItem.actuallyadditions.blockFluidCollector":1,"stat.craftItem.minecraft.piston":5,"stat.useItem.exnihiloadscensio.itemMaterial":5,"stat.useItem.excompressum.auto_sieve":8,"stat.craftItem.exnihiloadscensio.hammerStone":55,"stat.useItem.extrautils2.machine":6,"stat.mineBlock.exnihiloadscensio.blockInfestedLeaves":108,"stat.pickup.minecraft.gravel":3445,"stat.useItem.extrautils2.compressedcobblestone":360,"stat.pickup.exnihiloadscensio.itemSeedSpruce":1,"stat.useItem.minecraft.apple":56,"stat.breakItem.minecraft.wooden_axe":3,"stat.craftItem.enderio.itemPowerConduit":104,"stat.pickup.excompressum.auto_heavy_sieve":4,"stat.useItem.minecraft.stone_axe":389,"stat.pickup.exnihiloadscensio.itemOreAluminium":17,"stat.craftItem.exnihiloadscensio.blockEndstoneCrushed":9,"stat.pickup.actuallyadditions.itemCanolaSeed":21,"stat.useItem.betterbuilderswands.wandStone":90,"stat.craftItem.excompressum.auto_hammer":2,"stat.craftItem.minecraft.flint_and_steel":1,"stat.pickup.minecraft.leaves":2048,"stat.pickup.exnihiloadscensio.hammerStone":1,"stat.mineBlock.minecraft.stone_stairs":3,"stat.craftItem.minecraft.iron_bars":32,"stat.craftItem.exnihiloadscensio.crookWood":34,"stat.craftItem.storagedrawers.basicDrawers":16,"stat.pickup.exnihiloadscensio.itemOreIron":566,"stat.pickup.tconstruct.materials":58,"stat.craftItem.minecraft.glass":74,"stat.pickup.exnihiloadscensio.itemSeedCarrot":25,"stat.craftItem.minecraft.cauldron":1,"stat.craftItem.minecraft.anvil":1,"stat.useItem.minecraft.crafting_table":4,"stat.mineBlock.excompressum.heavy_sieve":7,"stat.craftItem.minecraft.gravel":72,"stat.craftItem.immersiveengineering.storage":10,"stat.craftItem.enderio.itemBasicCapacitor":13,"stat.walkOneCm":2395136,"stat.pickup.ceramics.clay_bucket":4,"stat.craftItem.excompressum.compressed_block":221,"stat.pickup.minecraft.stick":125,"stat.pickup.minecraft.clay_ball":162,"stat.pickup.immersiveengineering.storage":4,"ftbl.stat.last_seen":{"value":0,"progress":1503269376944},"stat.pickup.minecraft.stone":30,"stat.craftItem.minecraft.redstone":135,"stat.useItem.minecraft.leaves":3,"stat.pickup.minecraft.gold_ingot":56,"stat.mineBlock.rftools.coalgenerator":1,"stat.useItem.literalascension.climbing_rope":53,"stat.pickup.exnihiloadscensio.crookWood":4,"stat.useItem.minecraft.iron_block":2,"stat.craftItem.exnihiloadscensio.hammerDiamond":66,"stat.craftItem.minecraft.tnt":2,"stat.pickup.exnihiloadscensio.blockDust":1924,"stat.craftItem.simplegenerators.lava_generator":8,"stat.pickup.enderio.blockCapBank":1,"stat.pickup.storagedrawers.basicDrawers":2,"stat.useItem.excompressum.wooden_crucible":3,"stat.pickup.enderio.blockStirlingGenerator":5,"stat.mineBlock.minecraft.leaves":8134,"stat.mineBlock.tconstruct.seared":4,"stat.pickup.minecraft.lava_bucket":1,"stat.useItem.actuallyadditions.blockAtomicReconstructor":2,"stat.useItem.enderio.blockAlloySmelter":1,"stat.useItem.tconstruct.smeltery_controller":1,"stat.useItem.excompressum.auto_compressed_hammer":7,"stat.pickup.betterbuilderswands.wandIron":2}