{"stat.pickup.actuallyadditions.blockAtomicReconstructor":1,"stat.pickup.actuallyadditions.itemDust":433,"stat.pickup.minecraft.wooden_slab":2,"stat.pickup.draconicevolution.draconium_dust":5,"stat.leaveGame":16,"stat.drop.minecraft.redstone":27,"stat.pickup.actuallyadditions.itemCrafterOnAStick":2,"stat.craftItem.excompressum.compressed_hammer_stone":6,"stat.mineBlock.gravestone.gravestone":3,"stat.craftItem.exnihiloadscensio.itemOreGold":94,"stat.pickup.excompressum.compressed_block":5,"stat.craftItem.ironchest.BlockIronChest":17,"stat.craftItem.bigreactors.reactorcasingcores":32,"stat.craftItem.minecraft.stone_axe":3,"stat.pickup.minecraft.bucket":6,"achievement.buildPickaxe":3,"stat.craftItem.bigreactors.reactorfuelrod":15,"stat.craftItem.exnihiloadscensio.blockBarrel1":4,"stat.craftItem.exnihiloadscensio.blockBarrel0":9,"stat.craftItem.excompressum.compressed_hammer_diamond":9,"stat.mineBlock.minecraft.end_stone":162,"stat.craftItem.extrautils2.machine":9,"stat.useItem.actuallyadditions.blockBreaker":3,"stat.craftItem.actuallyadditions.blockAtomicReconstructor":1,"stat.useItem.minecraft.iron_pickaxe":225,"stat.craftItem.excompressum.auto_compressor":18,"stat.pickup.excompressum.heavy_sieve":10,"stat.pickup.exnihiloadscensio.itemSeedAcacia":4,"stat.craftItem.minecraft.glass_pane":48,"stat.mineBlock.excompressum.auto_hammer":6,"stat.mineBlock.excompressum.auto_sieve":6,"stat.craftItem.tp.iron_cobblegen_block":3,"stat.furnaceInteraction":299,"stat.pickup.exnihiloadscensio.hammerDiamond":1,"stat.craftItem.exnihiloadscensio.itemMesh":12,"stat.useItem.minecraft.end_stone":162,"stat.craftItem.excompressum.compressed_crook":7,"achievement.openInventory":1382,"stat.craftItem.actuallyadditions.blockMisc":15,"stat.useItem.minecraft.flint_and_steel":24,"stat.pickup.tconstruct.smeltery_io":2,"stat.pickup.exnihiloadscensio.itemSeedOak":2,"stat.pickup.bigreactors.reactoraccessport":3,"stat.mineBlock.snad.snad":16,"stat.drop.actuallyadditions.itemMisc":1,"stat.useItem.minecraft.dye":81,"stat.deaths":3,"stat.useItem.tconstruct.smeltery_io":3,"stat.craftItem.enderio.itemMaterial":418,"stat.craftItem.minecraft.iron_pickaxe":1,"stat.useItem.enderio.itemPowerConduit":137,"stat.pickup.minecraft.glass_pane":32,"stat.craftItem.immersiveengineering.metal":321,"stat.drop.minecraft.iron_ingot":2,"stat.pickup.tconstruct.seared":4,"stat.chestOpened":383,"stat.mineBlock.ironchest.BlockIronChest":1,"stat.pickup.extrautils2.compressedcobblestone":1,"stat.useItem.tp.cobblegen_block":31,"stat.craftItem.actuallyadditions.itemCrafterOnAStick":1,"stat.pickup.minecraft.gold_nugget":79,"stat.useItem.snad.snad":64,"stat.useItem.minecraft.clay":54,"stat.craftItem.excompressum.auto_heavy_sieve":5,"stat.craftItem.minecraft.coal":1390,"stat.pickup.exnihiloadscensio.itemOreNickel":401,"stat.crouchOneCm":93219,"stat.mineBlock.minecraft.chest":14,"stat.craftItem.minecraft.diamond":252,"stat.craftItem.minecraft.iron_ingot":1192,"stat.craftItem.rftools.rftools_manual":1,"stat.craftItem.minecraft.hopper":1,"stat.craftingTableInteraction":406,"stat.craftItem.enderio.blockSagMill":1,"stat.mineBlock.exnihiloadscensio.blockBarrel1":7,"stat.mineBlock.exnihiloadscensio.blockBarrel0":2,"stat.craftItem.tconstruct.pattern":4,"stat.pickup.excompressum.auto_compressor":3,"stat.pickup.exnihiloadscensio.itemMaterial":232,"stat.useItem.minecraft.reeds":20,"stat.mineBlock.tconstruct.smeltery_io":2,"stat.pickup.ironchest.BlockIronChest":1,"stat.pickup.minecraft.dye":447,"stat.pickup.minecraft.planks":57,"stat.useItem.exnihiloadscensio.hammerDiamond":117,"stat.pickup.minecraft.wheat_seeds":5,"stat.craftItem.tconstruct.seared_furnace_controller":1,"stat.pickup.bigreactors.reactorpowertaprf":2,"stat.craftItem.extrautils2.pipe":128,"stat.craftItem.randomthings.advancedItemCollector":1,"stat.pickup.exnihiloadscensio.itemSeedPotato":18,"stat.useItem.minecraft.cobblestone":337,"stat.craftItem.enderio.itemMachinePart":13,"stat.useItem.minecraft.gravel":12,"stat.mineBlock.enderio.blockCombustionGenerator":1,"stat.craftItem.charsetwrench.wrench":1,"stat.pickup.minecraft.iron_pickaxe":2,"stat.pickup.exnihiloadscensio.itemOreLead":383,"stat.craftItem.minecraft.gold_ingot":307,"stat.pickup.minecraft.apple":115,"stat.pickup.minecraft.end_stone":24,"stat.craftItem.immersiveengineering.tool":1,"stat.pickup.bigreactors.reactorcasing":14,"stat.craftItem.enderio.blockCapBank":1,"stat.craftItem.minecraft.bucket":11,"stat.craftItem.minecraft.planks":2188,"stat.pickup.extrautils2.filter":9,"stat.mineBlock.excompressum.auto_compressor":3,"stat.pickup.actuallyadditions.blockFluidCollector":1,"stat.craftItem.literalascension.climbing_rope":112,"stat.useItem.excompressum.compressed_block":4,"stat.mineBlock.minecraft.log":809,"achievement.acquireIron":208,"stat.craftItem.minecraft.paper":3,"stat.mineBlock.storagedrawers.basicDrawers":2,"stat.craftItem.exnihiloadscensio.itemMaterial":144,"stat.useItem.minecraft.wooden_axe":180,"stat.pickup.extrautils2.pipe":135,"stat.craftItem.minecraft.cobblestone":199,"draconicevolution.dust":5,"stat.craftItem.excompressum.auto_sieve":2,"stat.pickup.exnihiloadscensio.blockBarrel0":2,"stat.pickup.exnihiloadscensio.blockBarrel1":7,"stat.useItem.minecraft.iron_axe":356,"stat.useItem.quantumstorage.quantumdsu":1,"stat.mineBlock.minecraft.cobblestone":85,"achievement.actuallyadditions.getCrystalsMilestone":{"value":0,"progress":["9"]},"stat.useItem.enderio.blockCapBank":2,"achievement.buildWorkBench":148,"stat.useItem.exnihiloadscensio.crookWood":258,"stat.craftItem.minecraft.furnace":26,"stat.pickup.tp.cobblegen_block":9,"stat.useItem.storagedrawers.basicDrawers":18,"stat.pickup.actuallyadditions.blockMisc":2,"stat.craftItem.bigreactors.ingotmetals":30,"stat.mineBlock.minecraft.clay":54,"stat.useItem.actuallyadditions.blockGiantChest":12,"stat.flyOneCm":11322,"stat.craftItem.actuallyadditions.itemMisc":25,"stat.useItem.extrautils2.compressedgravel":220,"stat.craftItem.extrautils2.grocket":44,"stat.pickup.excompressum.auto_hammer":6,"stat.useItem.excompressum.auto_hammer":8,"stat.timeSinceDeath":641882,"stat.useItem.exnihiloadscensio.blockDust":7,"stat.useItem.actuallyadditions.blockPlacer":1,"stat.craftItem.minecraft.iron_block":16,"stat.craftItem.minecraft.stonebrick":20,"stat.pickup.exnihiloadscensio.itemOreGold":379,"stat.pickup.bigreactors.reactorcontroller":1,"stat.mineBlock.enderio.blockCapBank":1,"stat.craftItem.tconstruct.seared":45,"stat.craftItem.bigreactors.reactorpowertaprf":1,"stat.craftItem.excompressum.auto_compressed_hammer":9,"stat.useItem.simplegenerators.lava_generator":2,"stat.pickup.minecraft.string":142,"stat.useItem.bigreactors.reactorpowertaprf":3,"stat.mineBlock.minecraft.ladder":5,"stat.craftItem.excompressum.heavy_sieve":9,"stat.breakItem.excompressum.compressed_hammer_stone":3,"stat.sprintOneCm":343783,"stat.pickup.immersiveengineering.tool":2,"stat.craftItem.minecraft.wooden_axe":3,"stat.mineBlock.extrautils2.machine":4,"stat.useItem.ceramics.clay_bucket":3,"stat.useItem.tconstruct.seared_tank":14,"stat.craftItem.excompressum.wooden_crucible":3,"stat.useItem.minecraft.ladder":5,"stat.mineBlock.extrautils2.compressedsand":205,"stat.pickup.minecraft.iron_block":10,"stat.craftItem.minecraft.dye":180,"stat.pickup.exnihiloadscensio.itemSeedJungle":5,"stat.pickup.extrautils2.machine":4,"stat.useItem.actuallyadditions.blockFurnaceDouble":1,"stat.craftItem.minecraft.ladder":6,"stat.useItem.randomthings.advancedItemCollector":1,"stat.pickup.minecraft.obsidian":35,"stat.useItem.simplegenerators.lava_generator_2":1,"stat.useItem.bigreactors.reactorfuelrod":15,"stat.pickup.exnihiloadscensio.itemPebble":1500,"achievement.simplegenerators.craft_lava_gen":9,"stat.useItem.woodenshears.wshears":2049,"stat.jump":1010,"stat.useItem.minecraft.sand":2,"stat.craftItem.rftools.sensor_block":1,"stat.pickup.minecraft.coal":286,"stat.useItem.enderio.blockCombustionGenerator":1,"stat.pickup.minecraft.iron_ingot":175,"stat.pickup.tconstruct.seared_tank":14,"stat.craftItem.minecraft.lever":1,"stat.useItem.exnihiloadscensio.itemSeedSugarcane":14,"stat.pickup.minecraft.gunpowder":1253,"stat.craftItem.actuallyadditions.blockGiantChest":13,"stat.craftItem.minecraft.torch":156,"stat.pickup.minecraft.dirt":353,"stat.useItem.ironchest.BlockIronChest":2,"stat.craftItem.actuallyadditions.blockFurnaceDouble":1,"stat.mineBlock.excompressum.wooden_crucible":3,"stat.pickup.exnihiloadscensio.itemSeedSugarcane":14,"stat.useItem.minecraft.sapling":132,"stat.pickup.minecraft.iron_axe":2,"stat.damageTaken":1570,"stat.mineBlock.minecraft.torch":18,"stat.pickup.immersiveengineering.metal":25,"stat.craftItem.minecraft.comparator":2,"stat.mineBlock.excompressum.compressed_block":4,"stat.pickup.enderio.blockCombustionGenerator":1,"stat.craftItem.extrautils2.compressedsand":211,"stat.craftItem.exnihiloadscensio.blockSieve":2,"stat.useItem.excompressum.auto_heavy_sieve":6,"stat.craftItem.minecraft.stone_slab":54,"stat.useItem.minecraft.chest":27,"stat.craftItem.tconstruct.smeltery_io":1,"stat.craftItem.bigreactors.reactoraccessport":2,"stat.craftItem.enderio.itemAlloy":90,"stat.craftItem.rftools.coalgenerator":2,"stat.pickup.bigreactors.dustmetals":1,"stat.useItem.minecraft.redstone_ore":1,"stat.pickup.minecraft.ladder":5,"stat.useItem.minecraft.netherrack":37,"stat.craftItem.bigreactors.blockmetals":20,"stat.craftItem.enderio.blockTank":2,"stat.pickup.actuallyadditions.itemCoffeeSeed":20,"stat.pickup.exnihiloadscensio.blockEndstoneCrushed":170,"stat.pickup.excompressum.wooden_crucible":3,"stat.pickup.minecraft.diamond":19,"stat.pickup.minecraft.beetroot_seeds":25,"stat.pickup.minecraft.torch":104,"stat.pickup.rftools.coalgenerator":1,"stat.mineBlock.tp.cobblegen_block":9,"stat.drop.tconstruct.seared_tank":1,"stat.breakItem.exnihiloadscensio.crookWood":2,"stat.craftItem.rftools.machine_base":1,"stat.useItem.betterbuilderswands.wandIron":302,"stat.craftItem.actuallyadditions.itemChestToCrateUpgrade":3,"stat.craftItem.enderio.blockStirlingGenerator":3,"stat.mineBlock.tconstruct.seared_tank":12,"stat.pickup.enderio.itemPowerConduit":45,"stat.pickup.simplegenerators.lava_generator":8,"stat.craftItem.minecraft.iron_axe":2,"stat.mineBlock.extrautils2.compressedcobblestone":360,"stat.useItem.minecraft.planks":206,"stat.useItem.rftools.coalgenerator":2,"stat.pickup.minecraft.glowstone_dust":114,"stat.pickup.minecraft.blaze_powder":87,"stat.pickup.minecraft.glass":127,"stat.pickup.actuallyadditions.blockBreaker":2,"stat.craftItem.bigreactors.reactorcontrolrod":5,"stat.mineBlock.bigreactors.reactoraccessport":3,"stat.useItem.minecraft.water_bucket":29,"stat.pickup.minecraft.sand":2000,"stat.craftItem.minicoal.miniCoal":656,"stat.craftItem.exnihiloadscensio.blockCrucible":40,"achievement.diamonds":12,"stat.craftItem.tconstruct.casting":1,"stat.useItem.exnihiloadscensio.blockCrucible":37,"stat.mineBlock.simplegenerators.lava_generator":1,"stat.mineBlock.minecraft.sand":2,"stat.pickup.actuallyadditions.itemFlaxSeed":18,"achievement.buildBetterPickaxe":3,"stat.pickup.actuallyadditions.itemBooklet":1,"stat.mineBlock.bigreactors.reactorpowertaprf":2,"stat.useItem.excompressum.heavy_sieve":10,"stat.pickup.minecraft.ghast_tear":3,"stat.craftItem.minecraft.hardened_clay":1,"stat.craftItem.bigreactors.reactorcasing":128,"stat.craftItem.exnihiloadscensio.itemOreIron":297,"stat.useItem.extrautils2.pipe":183,"stat.craftItem.minecraft.ender_pearl":10,"stat.pickup.extrautils2.compressedsand":6,"achievement.mineWood":263,"stat.mineBlock.excompressum.auto_heavy_sieve":2,"stat.useItem.minecraft.stone_stairs":13,"stat.craftItem.randomthings.itemCollector":1,"stat.pickup.enderio.itemPowderIngot":5,"stat.pickup.minecraft.stone_stairs":3,"stat.craftItem.minecraft.sand":324,"stat.pickup.minecraft.pumpkin_seeds":9,"stat.craftItem.moarsigns.moar_sign":3,"stat.craftItem.minecraft.heavy_weighted_pressure_plate":22,"stat.mineBlock.exnihiloadscensio.blockCrucible":18,"stat.playOneMinute":1582575,"stat.useItem.exnihiloadscensio.hammerStone":98,"stat.useItem.tp.iron_cobblegen_block":3,"stat.pickup.minecraft.netherrack":38,"stat.pickup.exnihiloadscensio.itemMesh":14,"stat.craftItem.tp.cobblegen_block":25,"stat.mineBlock.minecraft.netherrack":18,"stat.pickup.extrautils2.flattransfernode":47,"stat.pickup.exnihiloadscensio.itemSeedBirch":5,"stat.breakItem.excompressum.compressed_crook":6,"stat.craftItem.minecraft.flint":16,"stat.craftItem.snad.snad":49,"stat.pickup.exnihiloadscensio.blockCrucible":18,"stat.useItem.excompressum.auto_compressor":19,"stat.fallOneCm":26768,"stat.useItem.extrautils2.trashcan":1,"stat.pickup.excompressum.compressed_crook":2,"stat.drop.minecraft.dye":1,"stat.pickup.minecraft.melon_seeds":9,"stat.mineBlock.enderio.blockStirlingGenerator":5,"stat.useItem.bigreactors.reactorcasing":103,"stat.craftItem.minecraft.chest":97,"stat.useItem.bigreactors.reactoraccessport":5,"stat.useItem.minecraft.furnace":3,"stat.pickup.exnihiloadscensio.itemSeedDarkOak":6,"stat.craftItem.tconstruct.materials":225,"stat.useItem.excompressum.compressed_crook":4133,"stat.mineBlock.minecraft.gravel":12,"stat.breakItem.minecraft.stone_axe":2,"stat.useItem.minecraft.stone_pickaxe":130,"stat.craftItem.tconstruct.seared_tank":2,"stat.pickup.literalascension.climbing_rope":27,"stat.craftItem.rftools.machine_frame":11,"stat.pickup.minecraft.flint_and_steel":2,"stat.useItem.minecraft.torch":113,"stat.useItem.extrautils2.grocket":52,"stat.craftItem.minecraft.redstone_block":1,"stat.craftItem.minecraft.stone_stairs":16,"stat.pickup.minecraft.crafting_table":3,"stat.craftItem.minecraft.crafting_table":75,"stat.craftItem.extrautils2.compressedgravel":371,"stat.mineBlock.enderio.blockConduitBundle":33,"stat.craftItem.extrautils2.filter":16,"stat.craftItem.ceramics.clay_bucket":5,"stat.pickup.extrautils2.grocket":27,"stat.pickup.minecraft.log":866,"stat.useItem.actuallyadditions.itemChestToCrateUpgrade":3,"stat.craftItem.betterbuilderswands.wandStone":3,"stat.pickup.minecraft.sapling":1111,"stat.pickup.exnihiloadscensio.itemOreCopper":138,"stat.craftItem.exnihiloadscensio.itemOreCopper":14,"stat.mineBlock.minecraft.iron_block":2,"stat.craftItem.tconstruct.smeltery_controller":1,"stat.craftItem.bigreactors.reactorcontroller":1,"stat.pickup.actuallyadditions.itemMisc":1,"stat.pickup.quantumstorage.quantumdsu":1,"stat.craftItem.minicoal.miniCharcoal":632,"stat.craftItem.enderio.blockAlloySmelter":1,"stat.mineBlock.exnihiloadscensio.blockDust":7,"stat.pickup.actuallyadditions.blockGiantChest":3,"ftbl.stat.first_joined":{"value":0,"progress":1500045958946},"stat.craftItem.woodenshears.wshears":54,"stat.sneakTime":37024,"stat.mineBlock.extrautils2.compressedgravel":220,"stat.pickup.minecraft.stone_slab":2,"stat.pickup.actuallyadditions.itemRiceSeed":20,"stat.pickup.minecraft.chest":14,"stat.drop.minecraft.stone_pickaxe":1,"stat.pickup.actuallyadditions.itemCrystal":25,"stat.mineBlock.bigreactors.reactorcasing":14,"stat.craftItem.ceramics.unfired_clay":5,"stat.craftItem.simplegenerators.lava_generator_2":1,"stat.craftItem.extrautils2.compressedcobblestone":368,"stat.swimOneCm":1877,"stat.climbOneCm":14586,"stat.pickup.excompressum.auto_sieve":6,"stat.useItem.minecraft.dirt":4,"achievement.exploreAllBiomes":{"value":0,"progress":["Plains","Extreme Hills"]},"stat.breakItem.woodenshears.wshears":53,"stat.pickup.minecraft.anvil":1,"stat.craftItem.enderio.itemYetaWrench":1,"stat.craftItem.minecraft.stone_pickaxe":1,"stat.craftItem.actuallyadditions.blockPlacer":1,"stat.pickup.minecraft.cobblestone":1367,"stat.craftItem.actuallyadditions.blockBreaker":2,"stat.useItem.exnihiloadscensio.blockBarrel0":10,"stat.pickup.minecraft.clay":24,"stat.useItem.exnihiloadscensio.blockBarrel1":10,"stat.pickup.minecraft.soul_sand":54,"stat.useItem.actuallyadditions.blockFluidCollector":2,"stat.craftItem.minecraft.wooden_slab":18,"stat.craftItem.extrautils2.compresseddirt":37,"stat.pickup.extrautils2.compressedgravel":1,"stat.pickup.minecraft.redstone":147,"stat.craftItem.minecraft.book":1,"stat.mineBlock.bigreactors.reactorcontroller":1,"stat.drop.minecraft.coal":2,"stat.useItem.minecraft.lever":1,"stat.useItem.enderio.blockSagMill":1,"stat.pickup.integrateddynamics.menrilSapling":19,"stat.useItem.enderio.blockStirlingGenerator":8,"stat.craftItem.tconstruct.soil":240,"stat.pickup.exnihiloadscensio.itemOreSilver":160,"stat.craftItem.enderio.blockCombustionGenerator":1,"stat.craftItem.minecraft.stick":844,"stat.craftItem.minecraft.stone":131,"stat.craftItem.minecraft.gold_nugget":189,"stat.useItem.tconstruct.casting":1,"stat.mineBlock.minecraft.crafting_table":3,"stat.craftItem.betterbuilderswands.wandIron":11,"stat.useItem.excompressum.compressed_hammer_stone":785,"achievement.buildFurnace":14,"stat.mineBlock.minecraft.planks":40,"stat.useItem.extrautils2.compressedsand":205,"stat.drop":35,"stat.useItem.tconstruct.seared":45,"stat.craftItem.extrautils2.flattransfernode":96,"stat.craftItem.actuallyadditions.blockFluidCollector":1,"stat.craftItem.minecraft.piston":7,"stat.useItem.exnihiloadscensio.itemMaterial":5,"stat.useItem.excompressum.auto_sieve":8,"stat.craftItem.exnihiloadscensio.hammerStone":55,"stat.useItem.extrautils2.machine":6,"stat.mineBlock.exnihiloadscensio.blockInfestedLeaves":108,"stat.pickup.minecraft.gravel":3445,"stat.useItem.extrautils2.compressedcobblestone":360,"stat.pickup.exnihiloadscensio.itemSeedSpruce":1,"stat.useItem.minecraft.apple":77,"stat.breakItem.minecraft.wooden_axe":3,"stat.mineBlock.quantumstorage.quantumdsu":1,"stat.craftItem.enderio.itemPowerConduit":104,"stat.pickup.excompressum.auto_heavy_sieve":4,"stat.useItem.minecraft.stone_axe":389,"stat.pickup.exnihiloadscensio.itemOreAluminium":104,"stat.craftItem.exnihiloadscensio.blockEndstoneCrushed":9,"stat.useItem.bigreactors.blockmetals":12,"stat.pickup.actuallyadditions.itemCanolaSeed":21,"stat.useItem.betterbuilderswands.wandStone":90,"stat.craftItem.excompressum.auto_hammer":2,"stat.craftItem.minecraft.flint_and_steel":1,"stat.pickup.minecraft.leaves":2048,"stat.pickup.exnihiloadscensio.hammerStone":1,"stat.mineBlock.minecraft.stone_stairs":3,"stat.craftItem.minecraft.iron_bars":32,"stat.craftItem.exnihiloadscensio.crookWood":34,"stat.craftItem.storagedrawers.basicDrawers":16,"stat.pickup.minecraft.reeds":23,"stat.pickup.exnihiloadscensio.itemOreIron":591,"stat.pickup.tconstruct.materials":58,"stat.craftItem.minecraft.glass":89,"stat.pickup.exnihiloadscensio.itemSeedCarrot":25,"stat.craftItem.minecraft.cauldron":1,"stat.pickup.snad.snad":15,"stat.craftItem.minecraft.anvil":1,"stat.useItem.minecraft.crafting_table":4,"stat.mineBlock.excompressum.heavy_sieve":7,"stat.craftItem.minecraft.gravel":72,"stat.craftItem.immersiveengineering.storage":12,"stat.craftItem.enderio.itemBasicCapacitor":14,"stat.walkOneCm":3031842,"stat.pickup.ceramics.clay_bucket":4,"stat.craftItem.excompressum.compressed_block":227,"stat.craftItem.quantumstorage.quantumdsu":1,"stat.pickup.minecraft.stick":125,"stat.pickup.minecraft.clay_ball":218,"stat.pickup.immersiveengineering.storage":4,"ftbl.stat.last_seen":{"value":0,"progress":1503416886626},"stat.pickup.minecraft.stone":30,"stat.useItem.bigreactors.reactorcontroller":2,"stat.craftItem.minecraft.redstone":261,"stat.useItem.minecraft.leaves":3,"stat.pickup.minecraft.gold_ingot":56,"stat.mineBlock.rftools.coalgenerator":1,"stat.useItem.literalascension.climbing_rope":53,"stat.pickup.exnihiloadscensio.crookWood":4,"stat.useItem.minecraft.iron_block":2,"stat.craftItem.exnihiloadscensio.hammerDiamond":84,"stat.craftItem.minecraft.tnt":2,"stat.craftItem.exnihiloadscensio.blockDust":63,"stat.pickup.exnihiloadscensio.blockDust":1924,"stat.craftItem.simplegenerators.lava_generator":9,"stat.pickup.enderio.blockCapBank":1,"stat.pickup.storagedrawers.basicDrawers":2,"stat.pickup.minecraft.quartz":43,"stat.useItem.excompressum.wooden_crucible":3,"stat.craftItem.extrautils2.trashcan":1,"stat.pickup.enderio.blockStirlingGenerator":5,"stat.breakItem.minecraft.iron_axe":1,"stat.useItem.bigreactors.reactorcontrolrod":5,"stat.mineBlock.minecraft.leaves":8962,"stat.mineBlock.tconstruct.seared":4,"stat.pickup.minecraft.lava_bucket":1,"stat.useItem.actuallyadditions.blockAtomicReconstructor":2,"stat.useItem.enderio.blockAlloySmelter":1,"stat.useItem.tconstruct.smeltery_controller":1,"stat.useItem.excompressum.auto_compressed_hammer":9,"stat.pickup.betterbuilderswands.wandIron":2}