{"stat.useItem.minecraft.bow":3,"stat.pickup.actuallyadditions.itemDust":483,"stat.pickup.betterbuilderswands.wandDiamond":8,"stat.drop.minecraft.redstone":27,"stat.craftItem.botania.lexicon":1,"stat.pickup.actuallyadditions.itemCrafterOnAStick":8,"stat.craftItem.excompressum.compressed_hammer_stone":6,"stat.useItem.rftools.sensor_block":3,"stat.pickup.draconicevolution.mob_soul":4,"stat.useItem.draconicevolution.energy_pylon":2,"stat.drop.minecraft.enchanted_book":2,"stat.pickup.tconstruct.faucet":3,"stat.useItem.harvestcraft.calamarirawItem":3,"stat.useItem.fluxnetworks.FluxPlug":16,"stat.useItem.immersiveengineering.metalDevice1":8,"stat.drop.minecraft.coal_block":1,"stat.pickup.natura.nether_logs":7,"stat.craftItem.extrautils2.endershard":16,"stat.pickup.minecraft.rotten_flesh":50,"stat.pickup.excompressum.compressed_block":5,"stat.useItem.enderio.blockEnchanter":3,"stat.craftItem.ironchest.BlockIronChest":1043,"stat.craftItem.bigreactors.reactorcasingcores":134,"stat.craftItem.minecraft.stone_axe":3,"stat.pickup.minecraft.bucket":14,"achievement.botania:flowerPickup":32,"stat.killEntity.Enderman":310,"stat.useItem.dimensionalcake.blockEndCake":1,"stat.pickup.roots.oldRoot":14,"stat.useItem.minecraft.anvil":1,"stat.craftItem.minecraft.iron_shovel":1,"stat.pickup.minecraft.brown_mushroom":5,"achievement.buildPickaxe":22,"stat.craftItem.bigreactors.reactorfuelrod":129,"stat.pickup.draconicevolution.wyvern_legs":1,"stat.craftItem.storagedrawers.upgradeTemplate":2,"stat.craftItem.excompressum.compressed_hammer_diamond":28,"stat.pickup.extrautils2.spike_gold":7,"stat.mineBlock.minecraft.end_stone":190,"stat.craftItem.extrautils2.machine":9,"stat.useItem.actuallyadditions.blockBreaker":10,"stat.useItem.hatchery.pen":48,"stat.useItem.minecraft.iron_pickaxe":1905,"stat.craftItem.tp.diamond_cobblegen_block":5,"stat.pickup.minecraft.stained_hardened_clay":7,"stat.pickup.excompressum.heavy_sieve":10,"stat.pickup.exnihiloadscensio.itemSeedAcacia":4,"stat.pickup.tconstruct.seared_glass":159,"stat.pickup.botania.pestleAndMortar":8,"stat.craftItem.minecraft.glass_pane":896,"stat.pickup.darkutils.trap_move_hyper":1,"stat.craftItem.actuallyadditions.blockLavaFactoryController":1,"stat.pickup.enderio.blockXPVacuum":5,"stat.useItem.quantumstorage.quantumtank":2,"stat.mineBlock.excompressum.auto_sieve":7,"stat.mineBlock.minecraft.sticky_piston":28,"stat.furnaceInteraction":541,"stat.useItem.chickens.spawn_egg":7,"stat.pickup.draconicevolution.wyvern_core":2,"stat.craftItem.quantumstorage.quantumtank":1,"stat.pickup.minecraft.nether_brick":21,"stat.craftItem.mysticalagriculture.intermedium_block":1,"stat.useItem.minecraft.end_stone":190,"stat.craftItem.mysticalagriculture.tier3_crafting_seed":4,"stat.craftItem.translocator.diamondNugget":9,"stat.mineBlock.bigreactors.reactorfuelrod":67,"stat.craftItem.actuallyadditions.itemCrystal":63,"stat.useItem.minecraft.fence":89,"stat.craftItem.botania.fertilizer":24,"stat.mineBlock.enderio.blockXPVacuum":7,"stat.craftItem.botania.pestleAndMortar":2,"stat.mineBlock.tp.diamond_cobblegen_block":6,"stat.useItem.enderio.blockExperienceObelisk":2,"stat.useItem.minecraft.flint_and_steel":28,"stat.mineBlock.minecraft.fence":3,"stat.craftItem.mysticalagriculture.tier4_crafting_seed":4,"stat.useItem.minecraft.wheat_seeds":61,"stat.craftItem.mysticalagriculture.prudentium_furnace":1,"stat.mineBlock.snad.snad":16,"stat.craftItem.draconicevolution.draconium_block":7,"stat.pickup.enderio.blockReinforcedObsidian":157,"stat.pickup.minecraft.emerald":12,"stat.useItem.integrateddynamics.menrilSapling":36,"stat.craftItem.mysticalagriculture.mystical_machine_frame":4,"stat.pickup.minecraft.lever":17,"stat.deaths":22,"stat.useItem.tconstruct.smeltery_io":53,"stat.pickup.minecraft.egg":838,"stat.craftItem.actuallyadditions.blockEmpowerer":1,"stat.craftItem.hatchery.manure_block":43,"stat.pickup.natura.nether_sapling":224,"stat.craftItem.enderio.itemMaterial":1458,"stat.craftItem.minecraft.iron_pickaxe":9,"stat.pickup.minecraft.glass_pane":32,"stat.craftItem.mysticalagriculture.tier5_crafting_seed":4,"stat.pickup.minecraft.item_frame":3,"draconicevolution.dislocator":5,"stat.pickup.draconicevolution.draconium_ingot":266,"stat.drop.minecraft.iron_ingot":2,"stat.craftItem.minecraft.repeater":2,"stat.pickup.draconicevolution.wyvern_bow":2,"stat.chestOpened":941,"stat.pickup.storagedrawers.drawerKey":1,"stat.useItem.moarsigns.moar_sign":9,"stat.useItem.draconicevolution.infused_obsidian":59,"stat.useItem.actuallyadditions.blockEmpowerer":2,"stat.craftItem.minecraft.quartz_block":147,"stat.craftItem.actuallyadditions.itemCrafterOnAStick":1,"stat.pickup.minecraft.gold_nugget":166,"stat.useItem.snad.snad":64,"stat.craftItem.minecraft.coal":21133,"stat.pickup.exnihiloadscensio.itemOreNickel":431,"stat.craftItem.minecraft.ender_chest":1,"stat.mineBlock.chickenchunks.chickenChunkLoader":5,"stat.crouchOneCm":460912,"stat.craftItem.minecraft.diamond":1522,"stat.craftItem.minecraft.iron_ingot":4905,"stat.craftingTableInteraction":459,"stat.craftItem.enderio.blockSagMill":1,"stat.craftItem.extrautils2.decorativesolid":128,"stat.pickup.minecraft.repeater":4,"stat.craftItem.tconstruct.pattern":548,"stat.pickup.exnihiloadscensio.itemMaterial":448,"stat.mineBlock.tconstruct.smeltery_io":37,"stat.craftItem.betterbuilderswands.wandDiamond":8,"stat.craftItem.tconstruct.seared_glass":248,"stat.pickup.minecraft.dye":1445,"stat.pickup.minecraft.planks":339,"stat.craftItem.rftools.sequencer_block":3,"stat.craftItem.tconstruct.seared_furnace_controller":1,"stat.pickup.bigreactors.reactorpowertaprf":3,"stat.craftItem.extrautils2.pipe":128,"stat.craftItem.randomthings.advancedItemCollector":5,"stat.pickup.draconicevolution.draconic_bow":1,"stat.craftItem.integrateddynamics.menrilPlanks":16,"stat.pickup.exnihiloadscensio.itemSeedPotato":18,"stat.pickup.tconstruct.pattern":2,"stat.craftItem.enderio.itemMachinePart":81,"stat.craftItem.rftoolsdim.phased_field_generator":1,"stat.mineBlock.rftoolsdim.dimlet_workbench":2,"stat.mineBlock.enderio.blockCombustionGenerator":1,"stat.craftItem.charsetwrench.wrench":1,"achievement.firstTeleport":37,"stat.pickup.exnihiloadscensio.itemOreLead":387,"stat.pickup.minecraft.chicken":68,"stat.craftItem.rftools.machine_infuser":1,"stat.craftItem.draconicevolution.draconium_ingot":63,"stat.pickup.minecraft.end_stone":27,"stat.pickup.bigreactors.reactorcasing":143,"stat.pickup.minecraft.coal_block":30,"stat.craftItem.enderio.blockCapBank":1,"stat.craftItem.minecraft.bucket":26,"stat.craftItem.minecraft.planks":12440,"stat.pickup.torchmaster.mega_torch":30,"stat.useItem.draconicevolution.energy_storage_core":2,"stat.useItem.integrateddynamics.menrilLog":4,"stat.pickup.minecraft.stone_sword":211,"stat.craftItem.literalascension.climbing_rope":176,"stat.pickup.minecraft.book":31,"stat.useItem.fluxnetworks.GargantuanFluxStorage":1,"stat.pickup.integrateddynamics.menrilBerries":830,"stat.useItem.chickens.liquid_egg":2,"stat.pickup.minecraft.iron_door":1,"stat.mineBlock.natura.nether_leaves":148,"stat.craftItem.mysticalagriculture.supremium_tool_core":9,"stat.mineBlock.storagedrawers.basicDrawers":20,"stat.craftItem.exnihiloadscensio.itemMaterial":281,"stat.pickup.draconicevolution.crafting_pedestal":39,"stat.pickup.extrautils2.pipe":239,"stat.mineBlock.integrateddynamics.menrilLogFilled":75,"stat.useItem.actuallyadditions.itemWorm":3,"stat.craftItem.minecraft.cobblestone":244,"draconicevolution.dust":12,"stat.useItem.rftools.crafter2":9,"stat.useItem.rftools.crafter3":6,"stat.mineBlock.darkutils.trap_move":180,"stat.useItem.rftools.crafter1":8,"stat.useItem.enderio.blockReinforcedObsidian":215,"stat.useItem.enderio.itemLiquidConduit":184,"stat.useItem.quantumstorage.quantumdsu":45,"stat.mineBlock.minecraft.cobblestone":1242,"stat.pickup.minecraft.flint":9,"stat.pickup.enderio.itemYetaWrench":9,"stat.useItem.enderio.blockCapBank":2,"stat.craftItem.minecraft.clock":2,"stat.drop.minecraft.cobblestone":1,"stat.useItem.exnihiloadscensio.crookWood":258,"stat.pickup.bigreactors.reactorcontrolrod":21,"stat.breakItem.minecraft.iron_pickaxe":6,"stat.pickup.minecraft.iron_boots":1,"stat.craftItem.minecraft.furnace":216,"stat.pickup.tp.cobblegen_block":16,"stat.useItem.storagedrawers.basicDrawers":63,"stat.craftItem.bigreactors.ingotmetals":712,"stat.mineBlock.minecraft.clay":156,"stat.pickup.minecraft.diamond_leggings":1,"stat.useItem.actuallyadditions.blockGiantChest":79,"stat.craftItem.actuallyadditions.itemMisc":248,"stat.craftItem.extrautils2.passivegenerator":5,"stat.useItem.excompressum.auto_hammer":9,"stat.useItem.minecraft.iron_door":2,"stat.craftItem.minecraft.iron_block":26,"stat.craftItem.minecraft.stonebrick":148,"stat.pickup.exnihiloadscensio.itemOreGold":1333,"stat.craftItem.draconicevolution.energy_pylon":2,"stat.craftItem.excompressum.auto_compressed_hammer":11,"stat.killEntity.Creeper":1,"stat.craftItem.refinedstorage.quartz_enriched_iron":1,"stat.pickup.rftoolsdim.dimlet_control_circuit":2,"stat.entityKilledBy.Skeleton":1,"achievement.buildSword":53,"stat.killEntity.Squid":5,"stat.sprintOneCm":7210567,"stat.mineBlock.minecraft.stone_slab":65,"stat.pickup.immersiveengineering.tool":6,"stat.craftItem.mysticalagriculture.supremium_chestplate":1,"integrateddynamics.meneglinDiscovery":831,"stat.craftItem.darkutils.trap_move_fast":88,"stat.useItem.minecraft.cake":5,"stat.craftItem.excompressum.wooden_crucible":3,"stat.mineBlock.enderio.blockExperienceObelisk":1,"stat.mineBlock.mysticalagriculture.prosperity_ore":678,"stat.useItem.draconicevolution.energy_infuser":1,"stat.mineBlock.extrautils2.compressedsand":532,"stat.useItem.enderio.blockDarkSteelAnvil":1,"stat.pickup.minecraft.iron_block":770,"stat.killEntity.Zombie":12,"stat.craftItem.minecraft.dye":1356,"stat.pickup.enderio.blockEndermanSkull":29,"stat.craftItem.minecraft.diamond_axe":2,"stat.mineBlock.minecraft.gold_ore":693,"stat.craftItem.draconicevolution.energy_storage_core":1,"stat.pickup.minecraft.wheat":1341,"stat.craftItem.minecraft.sandstone":64,"stat.craftItem.mysticalagriculture.tier2_crafting_seed":5,"stat.pickup.exnihiloadscensio.itemSeedJungle":5,"stat.useItem.actuallyadditions.blockFurnaceDouble":7,"stat.mineBlock.tp.iron_cobblegen_block":4,"stat.pickup.draconicevolution.dragon_heart":121,"stat.craftItem.botania.altar":1,"stat.pickup.minecraft.obsidian":716,"stat.mineBlock.mysticalagriculture.inferium_ore":804,"stat.useItem.bigreactors.reactorfuelrod":197,"stat.pickup.simplegenerators.lava_generator_2":1,"stat.pickup.exnihiloadscensio.itemPebble":1500,"stat.craftItem.rftools.sensor_block":1,"stat.pickup.minecraft.coal":2346,"stat.pickup.minecraft.iron_ingot":265,"stat.pickup.tconstruct.seared_tank":44,"stat.craftItem.minecraft.lever":16,"stat.useItem.exnihiloadscensio.itemSeedSugarcane":14,"stat.pickup.minecraft.gunpowder":2133,"stat.pickup.minecraft.dirt":479,"stat.pickup.mysticalagriculture.draconium_essence":61,"stat.mineBlock.draconicevolution.infused_obsidian":1,"stat.useItem.ironchest.BlockIronChest":4,"stat.pickup.exnihiloadscensio.itemSeedSugarcane":14,"stat.mineBlock.minecraft.lapis_ore":72,"stat.craftItem.enderio.blockExperienceObelisk":1,"stat.pickup.minecraft.iron_axe":2,"stat.mineBlock.minecraft.torch":126,"stat.mineBlock.minecraft.red_flower":20,"stat.pickup.fluxnetworks.FluxPoint":33,"stat.pickup.minecraft.written_book":1,"stat.craftItem.extrautils2.drum":4,"stat.mineBlock.chisel.limestoneextra":82,"stat.pickup.minecraft.magma_cream":3,"stat.craftItem.minecraft.comparator":8,"stat.craftItem.minecraft.glowstone":32,"stat.craftItem.mysticalagriculture.intermedium_furnace":1,"stat.mineBlock.excompressum.compressed_block":4,"stat.pickup.rftoolsdim.dimlet_parcel":4,"stat.craftItem.enderio.blockFusedQuartz":21,"stat.pickup.minecraft.diamond_axe":3,"stat.pickup.enderio.blockCombustionGenerator":1,"stat.craftItem.extrautils2.compressedsand":372,"stat.pickup.natura.nether_berrybush_stingberry":53,"stat.mineBlock.chisel.netherrack":4797,"stat.craftItem.exnihiloadscensio.blockSieve":2,"stat.craftItem.extrautils2.wateringcan":1,"stat.pickup.draconicevolution.wyvern_helm":2,"stat.useItem.excompressum.compressed_hammer_diamond":327,"stat.useItem.extrautils2.resonator":1,"stat.useItem.hatchery.chickenmanure":513,"stat.craftItem.tconstruct.smeltery_io":32,"stat.pickup.minecraft.diamond_pickaxe":3,"stat.pickup.actuallyadditions.itemHelmObsidian":2,"stat.craftItem.bigreactors.reactoraccessport":2,"stat.useItem.actuallyadditions.blockPhantomPlacer":8,"stat.drop.tconstruct.materials":1,"stat.craftItem.rftools.coalgenerator":2,"stat.useItem.enderio.itemRedstoneConduit":358,"stat.pickup.actuallyadditions.itemWorm":3,"stat.useItem.rftoolsdim.dimension_editor":1,"stat.useItem.minecraft.item_frame":2,"stat.pickup.bigreactors.dustmetals":142,"stat.drop.minecraft.egg":6,"stat.useItem.minecraft.redstone_ore":26,"stat.craftItem.enderio.itemLiquidConduit":112,"stat.pickup.actuallyadditions.itemCoffeeSeed":20,"stat.mineBlock.immersiveengineering.metalDevice1":4,"stat.mobKills":1004,"stat.pickup.minecraft.diamond_boots":1,"stat.pickup.excompressum.wooden_crucible":3,"stat.pickup.enderio.blockExperienceObelisk":1,"stat.useItem.minecraft.boat":1,"stat.pickup.minecraft.diamond":170,"stat.craftItem.enderio.itemConduitProbe":2,"stat.pickup.minecraft.beetroot_seeds":25,"stat.useItem.enderio.blockSoulBinder":1,"stat.useItem.betterbuilderswands.wandUnbreakable":417,"stat.pickup.botania.specialFlower":3,"stat.drop.tconstruct.seared_tank":1,"stat.useItem.draconicevolution.draconic_spawner":3,"stat.craftItem.rftools.machine_base":9,"stat.useItem.tconstruct.toolforge":1,"stat.useItem.draconicevolution.dislocator_receptacle":2,"stat.useItem.betterbuilderswands.wandIron":681,"stat.craftItem.immersiveengineering.treatedWood":8,"stat.pickup.tp.diamond_cobblegen_block":6,"stat.craftItem.draconicevolution.energy_infuser":1,"stat.pickup.enderio.itemPowerConduit":447,"stat.pickup.simplegenerators.lava_generator":9,"stat.useItem.minecraft.soul_sand":108,"stat.killEntity.Blaze":182,"stat.pickup.tp.QuartzDust":88,"achievement.specialOres":71,"stat.useItem.rftools.coalgenerator":3,"stat.pickup.harvestcraft.calamarirawItem":5,"stat.pickup.minecraft.golden_boots":2,"stat.pickup.minecraft.glowstone_dust":605,"stat.pickup.draconicevolution.wyvern_sword":5,"stat.mineBlock.immersiveengineering.ore":536,"stat.craftItem.draconicevolution.draconium_capacitor":2,"stat.pickup.enderio.itemRedstoneConduit":214,"achievement.overpowered":2,"stat.mineBlock.minecraft.red_mushroom":13,"stat.mineBlock.minecraft.nether_brick_fence":5,"stat.useItem.darkutils.trap_move_hyper":94,"stat.useItem.rftools.redstone_transmitter_block":1,"stat.useItem.darkutils.ender_tether":2,"stat.craftItem.moreshears.diamondShears":4,"stat.mineBlock.tp.ReinforcedGlass":207,"stat.craftItem.tconstruct.casting":24,"stat.useItem.draconicevolution.draconium_block":232,"stat.useItem.exnihiloadscensio.blockCrucible":38,"stat.mineBlock.simplegenerators.lava_generator":2,"stat.mineBlock.minecraft.snow_layer":4,"stat.mineBlock.minecraft.sand":3,"stat.craftItem.mysticalagriculture.inferium_armor_core":4,"stat.pickup.actuallyadditions.itemFlaxSeed":18,"stat.craftItem.dimensionalcake.blockEndCake":1,"stat.useItem.minecraft.fence_gate":2,"stat.pickup.darkutils.shulker_pearl":3118,"stat.useItem.fluxnetworks.FluxController":1,"stat.mineBlock.bigreactors.reactorpowertaprf":3,"stat.craftItem.mysticalagriculture.base_crafting_seed":6,"stat.useItem.excompressum.heavy_sieve":11,"stat.pickup.minecraft.ghast_tear":31,"stat.craftItem.actuallyadditions.itemChestObsidian":1,"stat.craftItem.refinedstorage.silicon":3,"stat.drop.minecraft.diamond_block":3,"stat.pickup.tconstruct.cleaver":1,"stat.craftItem.exnihiloadscensio.itemOreIron":297,"stat.pickup.hatchery.pen":13,"stat.useItem.extrautils2.pipe":216,"stat.pickup.actuallyadditions.itemChestObsidian":2,"stat.pickup.extrautils2.compressedsand":212,"stat.pickup.actuallyadditions.blockTestifiBucksGreenWall":15,"stat.craftItem.randomthings.itemCollector":5,"stat.mineBlock.tconstruct.seared_glass":160,"stat.pickup.minecraft.stone_stairs":9,"stat.useItem.botania.petal":51,"stat.craftItem.minecraft.fence_gate":3,"stat.useItem.draconicevolution.crafting_pedestal":49,"stat.craftItem.darkutils.ender_tether":1,"stat.pickup.minecraft.pumpkin_seeds":9,"stat.craftItem.immersiveengineering.material":4,"stat.mineBlock.minecraft.soul_sand":12,"stat.mineBlock.exnihiloadscensio.blockCrucible":20,"stat.pickup.minecraft.blaze_rod":382,"stat.pickup.draconicevolution.fusion_crafting_core":3,"stat.craftItem.mysticalagriculture.soulium_dust":37,"stat.craftItem.mysticalagriculture.supremium_helmet":1,"stat.pickup.minecraft.netherrack":87,"stat.craftItem.darkutils.trap_move":240,"stat.pickup.exnihiloadscensio.itemMesh":23,"achievement.actuallyadditions.openBooklet":1,"stat.pickup.tconstruct.casting":59,"stat.pickup.extrautils2.flattransfernode":134,"stat.craftItem.mysticalagriculture.prosperity_shard":468,"stat.pickup.enderio.blockInhibitorObelisk":2,"stat.pickup.moarsigns.moar_sign":7,"stat.useItem.actuallyadditions.blockLavaFactoryController":1,"stat.breakItem.excompressum.compressed_crook":14,"stat.craftItem.minecraft.flint":101,"stat.craftItem.mysticalagriculture.prudentium_tool_core":9,"stat.pickup.exnihiloadscensio.blockCrucible":20,"stat.pickup.simplecorn.kernels":7,"stat.useItem.excompressum.auto_compressor":65,"stat.craftItem.minecraft.iron_hoe":2,"stat.useItem.extrautils2.trashcan":6,"stat.drop.minecraft.stone":3,"stat.pickup.excompressum.compressed_crook":2,"stat.pickup.minecraft.melon_seeds":9,"stat.mineBlock.excompressum.auto_compressed_hammer":10,"stat.craftItem.tconstruct.toolforge":1,"stat.craftItem.actuallyadditions.itemHelmObsidian":1,"stat.drop.minecraft.book":30,"stat.pickup.minecraft.golden_leggings":1,"stat.pickup.mysticalagriculture.prosperity_shard":689,"stat.useItem.bigreactors.reactoraccessport":5,"stat.craftItem.actuallyadditions.blockDisplayStand":5,"stat.drop.minecraft.bone":2,"stat.useItem.minecraft.furnace":3,"stat.pickup.exnihiloadscensio.itemSeedDarkOak":6,"stat.pickup.excompressum.wood_chippings":286,"stat.craftItem.tconstruct.materials":261,"stat.useItem.excompressum.compressed_crook":8787,"stat.craftItem.extrautils2.ingredients":10,"stat.mineBlock.minecraft.snow":3,"stat.mineBlock.minecraft.gravel":1846,"stat.breakItem.minecraft.stone_axe":2,"stat.useItem.rftools.machine_infuser":1,"stat.craftItem.rftoolsdim.dimension_editor":1,"stat.mineBlock.natura.nether_logs":7,"stat.craftItem.rftools.machine_frame":51,"stat.pickup.minecraft.flint_and_steel":2,"stat.craftItem.mysticalagriculture.superium_essence":192,"stat.useItem.minecraft.torch":584,"stat.pickup.minecraft.golden_apple":3,"stat.craftItem.minecraft.redstone_block":12,"stat.craftItem.minecraft.stone_stairs":56,"stat.pickup.minecraft.crafting_table":3,"stat.useItem.minecraft.log":2,"stat.pickup.darkutils.ender_tether":3,"stat.craftItem.minecraft.crafting_table":145,"stat.craftItem.minecraft.boat":1,"stat.pickup.extrautils2.grocket":50,"stat.mineBlock.minecraft.emerald_ore":130,"stat.pickup.minecraft.redstone_block":150,"stat.pickup.rftools.crafter3":4,"stat.pickup.rftools.crafter2":7,"stat.craftItem.mysticalagriculture.inferium_ingot":20,"stat.pickup.tp.FleshBlock":35,"stat.pickup.rftools.crafter1":7,"stat.useItem.actuallyadditions.itemChestToCrateUpgrade":6,"stat.craftItem.minecraft.stone_button":19,"stat.craftItem.enderio.blockIngotStorage":3,"stat.pickup.minecraft.web":5,"stat.pickup.minecraft.sapling":1263,"stat.pickup.exnihiloadscensio.itemOreCopper":138,"stat.pickup.integrateddynamics.menrilLog":865,"stat.craftItem.actuallyadditions.itemBattery":2,"stat.pickup.withercrumbs.crumb_star":62,"stat.craftItem.bigreactors.reactorcontroller":1,"stat.pickup.actuallyadditions.itemMisc":102,"stat.craftItem.minicoal.miniCharcoal":632,"stat.useItem.enderio.itemItemConduit":630,"stat.craftItem.enderio.blockAlloySmelter":1,"stat.mineBlock.exnihiloadscensio.blockDust":7,"stat.craftItem.fluxnetworks.FluxController":1,"stat.pickup.actuallyadditions.blockGiantChest":264,"stat.pickup.extrautils2.trashcan":3,"draconicevolution.manual":1,"ftbl.stat.first_joined":{"value":0,"progress":1500045958946},"stat.craftItem.hatchery.pen":38,"stat.pickup.minecraft.golden_sword":35,"stat.craftItem.minecraft.sugar":144,"stat.craftItem.enderstorage.enderPouch":1,"stat.mineBlock.extrautils2.compressedgravel":220,"stat.pickup.minecraft.stone_slab":64,"stat.pickup.actuallyadditions.itemRiceSeed":77,"stat.pickup.minecraft.yellow_flower":12,"stat.drop.minecraft.ghast_tear":10,"stat.pickup.enderstorage.enderPouch":1,"stat.drop.minecraft.stone_pickaxe":1,"stat.craftItem.minecraft.diamond_chestplate":3,"stat.craftItem.exnihiloadscensio.itemDoll":44,"stat.pickup.actuallyadditions.itemCrystal":321,"stat.pickup.minecraft.bone":1278,"stat.craftItem.mysticalagriculture.prudentium_block":1,"stat.craftItem.minecraft.sticky_piston":13,"stat.craftItem.ceramics.unfired_clay":5,"stat.pickup.minecraft.redstone_torch":97,"stat.mineBlock.tconstruct.tinker_tank_controller":10,"stat.craftItem.simplegenerators.lava_generator_2":1,"stat.craftItem.minecraft.bone":198,"stat.craftItem.betterbuilderswands.wandUnbreakable":1,"stat.useItem.enderstorage.enderStorage":103,"stat.mineBlock.minecraft.brown_mushroom":17,"stat.craftItem.fluxnetworks.FluxCore":328,"stat.useItem.minecraft.diamond_sword":421,"stat.craftItem.minecraft.diamond_helmet":2,"stat.craftItem.extrautils2.glasscutter":1,"stat.craftItem.enderio.blockSoulBinder":1,"stat.useItem.rftools.sequencer_block":5,"stat.climbOneCm":27734,"stat.craftItem.mysticalagriculture.intermedium_essence":212,"stat.craftItem.minecraft.gold_block":17,"stat.pickup.excompressum.auto_sieve":7,"stat.pickup.lootbags.itemlootbag":113,"stat.useItem.fluxnetworks.FluxPoint":48,"stat.craftItem.minecraft.bone_block":14,"stat.breakItem.woodenshears.wshears":53,"stat.pickup.minecraft.anvil":1,"stat.craftItem.mysticalagriculture.prudentium_ingot":20,"stat.craftItem.enderio.itemYetaWrench":1,"stat.craftItem.integrateddynamics.crystalizedMenrilBlock":1,"stat.craftItem.minecraft.stone_pickaxe":1,"stat.craftItem.actuallyadditions.blockPlacer":9,"stat.pickup.minecraft.cobblestone":4192,"stat.mineBlock.bigreactors.blockmetals":85,"stat.craftItem.actuallyadditions.blockBreaker":8,"stat.craftItem.mysticalagriculture.soulstone":784,"stat.craftItem.minecraft.glass_bottle":3,"stat.pickup.minecraft.soul_sand":1441,"stat.craftItem.extrautils2.compresseddirt":37,"stat.pickup.minecraft.dragon_egg":6,"stat.pickup.minecraft.redstone":745,"stat.craftItem.minecraft.book":118,"stat.mineBlock.minecraft.iron_ore":3219,"stat.mineBlock.darkutils.ender_tether":1,"stat.drop.minecraft.coal":12,"stat.mineBlock.fluxnetworks.FluxPlug":14,"stat.craftItem.enderio.itemXpTransfer":3,"stat.pickup.minecraft.cake":1,"stat.pickup.draconicevolution.draconic_helm":1,"achievement.spawnWither":43,"stat.pickup.integrateddynamics.menrilSapling":140,"stat.craftItem.tconstruct.soil":256,"stat.pickup.tconstruct.smeltery_controller":1,"stat.craftItem.darkutils.wither_block":64,"stat.pickup.exnihiloadscensio.itemOreSilver":174,"stat.mineBlock.bigreactors.reactorcontrolrod":21,"stat.craftItem.enderio.blockCombustionGenerator":1,"stat.pickup.botania.petal":7,"stat.pickup.minecraft.nether_star":10,"stat.mineBlock.draconicevolution.draconium_block":14,"stat.craftItem.rftoolsdim.dimension_builder":1,"stat.pickup.draconicevolution.infused_obsidian":1,"stat.pickup.minecraft.paper":3,"stat.craftItem.minecraft.stick":2488,"stat.useItem.extrautils2.passivegenerator":5,"stat.craftItem.mysticalagriculture.inferium_block":1,"stat.craftItem.mysticalagriculture.inferium_tool_core":12,"stat.craftItem.enderio.blockPoweredSpawner":1,"stat.craftItem.minecraft.gold_nugget":557,"stat.useItem.excompressum.compressed_hammer_stone":785,"stat.pickup.draconicevolution.dislocator_advanced":2,"stat.pickup.minecraft.diamond_chestplate":1,"stat.pickup.botania.flower":32,"stat.entityKilledBy.Creeper":1,"stat.pickup.draconicevolution.wyvern_boots":1,"stat.breakItem.minecraft.shears":28,"stat.mineBlock.minecraft.planks":214,"stat.useItem.extrautils2.compressedsand":532,"stat.drop":153,"stat.useItem.tp.diamond_cobblegen_block":6,"stat.pickup.draconicevolution.draconic_core":4,"stat.craftItem.enderio.itemExtractSpeedUpgrade":47,"stat.killEntity.Sheep":1,"stat.useItem.tconstruct.seared":338,"stat.useItem.draconicevolution.grinder":2,"stat.craftItem.extrautils2.flattransfernode":104,"stat.useItem.natura.nether_sapling":1,"stat.pickup.integrateddynamics.menrilLeaves":75,"stat.craftItem.actuallyadditions.blockFluidCollector":4,"stat.pickup.enderio.itemMaterial":60,"stat.craftItem.minecraft.piston":148,"stat.pickup.immersiveengineering.shaderBag":19,"stat.useItem.exnihiloadscensio.itemMaterial":27,"stat.useItem.extrautils2.machine":6,"stat.useItem.mysticalagriculture.ultimate_furnace":2,"stat.craftItem.rftools.timer_block":2,"stat.useItem.minecraft.apple":146,"stat.pickup.excompressum.auto_heavy_sieve":9,"stat.pickup.minecraft.fence":2,"stat.useItem.botania.altar":1,"stat.pickup.botania.blazeBlock":6,"stat.useItem.minecraft.stone_axe":389,"stat.pickup.exnihiloadscensio.itemOreAluminium":104,"stat.craftItem.exnihiloadscensio.blockEndstoneCrushed":72,"stat.pickup.tconstruct.tinker_tank_controller":7,"stat.useItem.tconstruct.tinker_tank_controller":11,"stat.boatOneCm":14047,"stat.useItem.chickenchunks.chickenChunkLoader":9,"stat.craftItem.excompressum.auto_hammer":2,"stat.craftItem.minecraft.flint_and_steel":1,"stat.useItem.enderio.itemSoulVessel":5,"stat.pickup.exnihiloadscensio.hammerStone":1,"stat.mineBlock.minecraft.stone_stairs":13,"stat.craftItem.minecraft.iron_bars":304,"stat.mineBlock.minecraft.furnace":3,"stat.drop.minecraft.water_bucket":1,"stat.mineBlock.extrautils2.user":3,"stat.craftItem.storagedrawers.basicDrawers":64,"stat.killEntity.CaveSpider":4,"stat.pickup.minecraft.emerald_block":1,"stat.craftItem.extrautils2.user":1,"stat.damageDealt":196660,"stat.pickup.snad.snad":15,"stat.craftItem.minecraft.bowl":12,"stat.craftItem.minecraft.anvil":2,"stat.useItem.minecraft.crafting_table":4,"stat.craftItem.minecraft.gravel":135,"stat.pickup.botania.doubleFlower2":40,"stat.pickup.botania.doubleFlower1":11,"stat.craftItem.immersiveengineering.storage":53,"stat.craftItem.enderio.itemBasicCapacitor":119,"stat.pickup.ceramics.clay_bucket":4,"stat.pickup.minecraft.stick":284,"stat.pickup.bigreactors.blockmetals":85,"achievement.enchantments":11,"stat.pickup.immersiveengineering.storage":1759,"stat.mineBlock.immersiveengineering.stoneDevice":1,"ftbl.stat.last_seen":{"value":0,"progress":1504814665149},"stat.drop.minecraft.iron_block":4,"stat.craftItem.minecraft.writable_book":68,"stat.craftItem.minecraft.diamond_boots":2,"stat.useItem.minecraft.redstone_block":350,"stat.useItem.botania.specialFlower":3,"stat.useItem.bigreactors.reactorcontroller":2,"stat.craftItem.minecraft.redstone":1944,"stat.useItem.torchmaster.mega_torch":36,"stat.pickup.draconicevolution.draconium_block":14,"stat.craftItem.mysticalagriculture.ultimate_furnace":1,"stat.killEntity.Chicken":1,"stat.useItem.literalascension.climbing_rope":115,"stat.pickup.exnihiloadscensio.crookWood":4,"stat.useItem.minecraft.iron_block":6,"stat.craftItem.minecraft.tnt":2,"stat.craftItem.exnihiloadscensio.blockDust":72,"stat.craftItem.minecraft.fence":168,"stat.useItem.minecraft.golden_apple":2,"stat.pickup.enderio.blockStirlingGenerator":5,"stat.craftItem.mysticalagriculture.mystical_tool_rod":4,"stat.pickup.rftoolsdim.dimension_builder":2,"stat.mineBlock.minecraft.leaves":24657,"stat.pickup.natura.nether_berrybush_duskberry":56,"stat.mineBlock.minecraft.piston":21,"stat.mineBlock.tconstruct.seared":314,"stat.pickup.actuallyadditions.itemPantsObsidian":3,"stat.pickup.rftoolsdim.dimlet_workbench":2,"stat.useItem.enderio.blockAlloySmelter":1,"stat.craftItem.minecraft.rotten_flesh":5285,"stat.pickup.actuallyadditions.blockAtomicReconstructor":1,"stat.pickup.minecraft.wooden_slab":2,"stat.pickup.draconicevolution.draconium_dust":12,"stat.craftItem.draconicevolution.wyvern_chest":1,"stat.leaveGame":77,"stat.craftItem.darkutils.material":65,"stat.craftItem.fluxnetworks.FluxPlug":5,"stat.craftItem.actuallyadditions.itemBootsObsidian":1,"stat.useItem.minecraft.glowstone":2,"stat.craftItem.minecraft.ender_eye":167,"stat.killEntity.PigZombie":25,"achievement.actuallyadditions.openBookletMilestone":{"value":0,"progress":["1"]},"stat.craftItem.chesttransporter.chesttransporter_obsidian":1,"stat.useItem.elevatorid.elevator_white":3,"stat.craftItem.storagedrawers.drawerKey":1,"stat.mineBlock.gravestone.gravestone":20,"stat.useItem.tp.ReinforcedGlass":284,"stat.craftItem.exnihiloadscensio.itemOreGold":94,"stat.craftItem.rftools.syringe":3,"stat.craftItem.enderio.itemSoulVessel":6,"stat.pickup.rftoolsdim.known_dimlet":70,"stat.craftItem.mysticalagriculture.supremium_ingot":20,"stat.craftItem.mysticalagriculture.soulium_ingot_block":4,"stat.useItem.rftools.matter_transmitter":1,"stat.pickup.minecraft.leather_boots":1,"stat.pickup.enderio.itemExtractSpeedUpgrade":15,"stat.craftItem.exnihiloadscensio.blockBarrel1":31,"stat.craftItem.exnihiloadscensio.blockBarrel0":9,"stat.drop.minecraft.sand":12,"stat.craftItem.mysticalagriculture.inferium_essence":286,"stat.craftItem.botania.blazeBlock":1,"stat.useItem.draconicevolution.particle_generator":36,"stat.useItem.storagedrawers.compDrawers":19,"stat.mineBlock.integrateddynamics.menrilTorch":1,"stat.craftItem.actuallyadditions.blockAtomicReconstructor":2,"stat.pickup.rftoolsdim.dimension_enscriber":1,"stat.craftItem.excompressum.auto_compressor":27,"stat.craftItem.minecraft.iron_door":3,"stat.pickup.extrautils2.endershard":7,"stat.useItem.minecraft.iron_shovel":3,"stat.craftItem.actuallyadditions.itemDisenchantingLens":1,"stat.mineBlock.excompressum.auto_hammer":8,"stat.craftItem.tp.iron_cobblegen_block":5,"stat.mineBlock.botania.flower":32,"stat.pickup.refinedstorage.quartz_enriched_iron":2,"stat.pickup.exnihiloadscensio.hammerDiamond":4,"stat.craftItem.exnihiloadscensio.itemMesh":14,"stat.craftItem.excompressum.compressed_crook":9,"stat.useItem.moreshears.diamondShears":1914,"stat.craftItem.extrautils2.spike_gold":8,"stat.craftItem.tp.emerald_cobblegen_block":5,"stat.mineBlock.rftools.sensor_block":3,"stat.craftItem.integrateddynamics.crystalizedMenrilChunk":9,"stat.pickup.minecraft.cauldron":5,"stat.useItem.extrautils2.spike_gold":15,"stat.mineBlock.minecraft.stained_hardened_clay":104,"stat.craftItem.rftoolsdim.known_dimlet":20,"stat.pickup.rftools.machine_frame":27,"stat.pickup.rftoolsdim.dimlet_energy_module":4,"stat.craftItem.enderio.itemPowerItemFilter":2,"achievement.openInventory":7143,"stat.craftItem.actuallyadditions.blockMisc":221,"stat.pickup.tconstruct.smeltery_io":37,"stat.pickup.tp.iron_cobblegen_block":4,"stat.pickup.enderio.blockPoweredSpawner":1,"stat.pickup.exnihiloadscensio.itemSeedOak":2,"stat.pickup.bigreactors.reactoraccessport":3,"stat.craftItem.minecraft.dropper":1,"stat.drop.actuallyadditions.itemMisc":1,"stat.useItem.minecraft.dye":1407,"stat.useItem.forge.bucketFilled":7,"stat.useItem.minecraft.nether_brick":7,"stat.pickup.rftoolsdim.dimlet_type_controller":8,"stat.useItem.enderio.itemPowerConduit":409,"stat.pickup.natura.nether_berrybush_skyberry":48,"stat.craftItem.immersiveengineering.metal":424,"stat.mineBlock.minecraft.tallgrass":172,"stat.craftItem.actuallyadditions.itemPhantomConnector":1,"stat.pickup.tconstruct.seared":428,"stat.craftItem.mysticalagriculture.superium_armor_core":4,"stat.mineBlock.ironchest.BlockIronChest":2,"stat.craftItem.minecraft.light_weighted_pressure_plate":4,"stat.mineBlock.enderio.blockReinforcedObsidian":187,"stat.useItem.minecraft.stone":18,"stat.pickup.minecraft.arrow":154,"stat.killEntity.Ghast":1,"stat.mineBlock.chisel.dirt":11741,"stat.pickup.extrautils2.compressedcobblestone":1,"stat.useItem.tp.cobblegen_block":35,"stat.mineBlock.rftoolsdim.biome_absorber":1,"stat.useItem.minecraft.clay":156,"stat.craftItem.excompressum.auto_heavy_sieve":5,"stat.craftItem.rftools.redstone_receiver_block":1,"stat.pickup.tconstruct.cast_custom":4,"stat.craftItem.fluxnetworks.GargantuanFluxStorage":1,"stat.craftItem.rftools.dialing_device":1,"stat.mineBlock.minecraft.chest":30,"stat.pickup.exnihiloadscensio.itemOreArdite":2,"stat.craftItem.enderio.itemBasicFilterUpgrade":90,"stat.craftItem.rftools.rftools_manual":2,"stat.craftItem.minecraft.hopper":86,"stat.mineBlock.integrateddynamics.menrilLog":756,"stat.pickup.minecraft.nether_brick_fence":3,"stat.craftItem.mysticalagriculture.superium_furnace":1,"stat.mineBlock.exnihiloadscensio.blockBarrel1":18,"stat.mineBlock.exnihiloadscensio.blockBarrel0":17,"stat.pickup.actuallyadditions.blockCrystal":22,"stat.pickup.excompressum.auto_compressor":38,"stat.useItem.minecraft.reeds":73,"stat.pickup.ironchest.BlockIronChest":53,"stat.craftItem.actuallyadditions.blockPhantomface":7,"stat.useItem.exnihiloadscensio.hammerDiamond":424,"stat.craftItem.draconicevolution.infused_obsidian":64,"stat.craftItem.minecraft.diamond_shovel":1,"stat.pickup.minecraft.wheat_seeds":1099,"stat.mineBlock.minecraft.glass":9,"stat.pickup.enderio.itemAlloy":20,"stat.useItem.minecraft.enchanting_table":1,"stat.pickup.darkutils.material":1565,"stat.mineBlock.mysticalagriculture.ultimate_furnace":1,"stat.mineBlock.actuallyadditions.blockMisc":417,"stat.mineBlock.minecraft.dirt":2237,"stat.useItem.rftools.redstone_receiver_block":2,"stat.pickup.immersiveengineering.seed":5,"stat.useItem.minecraft.cobblestone":2527,"stat.useItem.minecraft.gravel":12,"stat.pickup.hatchery.nest":2,"stat.craftItem.extrautils2.angelblock":1,"stat.useItem.tp.emerald_cobblegen_block":5,"stat.useItem.enderio.blockPoweredSpawner":1,"stat.pickup.actuallyadditions.blockEmpowerer":1,"stat.pickup.minecraft.iron_pickaxe":2,"stat.craftItem.minecraft.gold_ingot":3022,"stat.pickup.minecraft.hopper":3,"stat.craftItem.chisel.chisel_iron":1,"stat.craftItem.integrateddynamics.menrilTorch":36,"stat.pickup.minecraft.apple":190,"stat.craftItem.immersiveengineering.tool":1,"achievement.portal":111,"stat.craftItem.mysticalagriculture.intermedium_tool_core":9,"stat.itemEnchanted":14,"stat.pickup.extrautils2.filter":25,"stat.mineBlock.excompressum.auto_compressor":38,"stat.pickup.actuallyadditions.blockFluidCollector":3,"stat.useItem.excompressum.compressed_block":4,"stat.craftItem.fluxnetworks.FluxBlock":262,"stat.useItem.actuallyadditions.blockMisc":4,"stat.mineBlock.fluxnetworks.FluxPoint":27,"stat.mineBlock.minecraft.log":2436,"stat.breakItem.moreshears.diamondShears":2,"stat.useItem.integrateddynamics.menrilBerries":435,"achievement.acquireIron":210,"stat.craftItem.minecraft.paper":924,"stat.pickup.minecraft.red_flower":25,"stat.useItem.actuallyadditions.itemPhantomConnector":53,"stat.useItem.rftoolsdim.biome_absorber":1,"stat.craftItem.chesttransporter.chesttransporter_diamond":1,"stat.useItem.minecraft.wooden_axe":180,"stat.craftItem.tconstruct.tinker_tank_controller":4,"stat.cakeSlicesEaten":23,"stat.craftItem.excompressum.auto_sieve":2,"stat.pickup.exnihiloadscensio.blockBarrel0":16,"stat.pickup.exnihiloadscensio.blockBarrel1":12,"stat.killEntity.headcrumbs.Human":26,"stat.craftItem.minecraft.diamond_leggings":4,"stat.craftItem.enderio.blockSliceAndSplice":1,"stat.useItem.minecraft.iron_axe":2185,"stat.mineBlock.minecraft.yellow_flower":12,"stat.pickup.extrautils2.spike_diamond":12,"stat.useItem.minecraft.skull":78,"stat.useItem.integrateddynamics.menrilTorch":1,"stat.mineBlock.enderio.blockInhibitorObelisk":2,"achievement.actuallyadditions.getCrystalsMilestone":{"value":0,"progress":["22"]},"stat.craftItem.minecraft.wool":237,"stat.craftItem.draconicevolution.grinder":1,"stat.pickup.minecraft.enchanted_book":49,"achievement.buildWorkBench":252,"stat.pickup.minecraft.writable_book":2,"stat.craftItem.chickens.henhouse":2,"stat.pickup.minecraft.sticky_piston":20,"stat.useItem.minecraft.obsidian":134,"stat.pickup.minecraft.bow":3,"stat.craftItem.mysticalagriculture.tier2_inferium_seeds":4,"stat.pickup.integrateddynamics.menrilTorch":1,"stat.useItem.extrautils2.spike_diamond":14,"stat.craftItem.tp.FleshBlock":1,"stat.useItem.minecraft.egg":22,"stat.mineBlock.minecraft.obsidian":6975,"stat.mineBlock.rftoolsdim.dimension_enscriber":1,"stat.pickup.actuallyadditions.blockMisc":4,"stat.craftItem.minecraft.bow":5,"stat.flyOneCm":56023650,"stat.useItem.extrautils2.compressedgravel":220,"stat.pickup.draconicevolution.wyvern_chest":2,"stat.craftItem.extrautils2.grocket":48,"stat.craftItem.enderstorage.enderStorage":91,"stat.craftItem.botania.dye":181,"stat.pickup.excompressum.auto_hammer":8,"stat.timeSinceDeath":80983,"stat.useItem.exnihiloadscensio.blockDust":7,"stat.craftItem.draconicevolution.generator":1,"stat.useItem.actuallyadditions.blockPlacer":2,"stat.pickup.draconicevolution.draconic_block":2,"stat.killEntity.Bat":9,"stat.pickup.hatchery.chickenmanure":150,"stat.pickup.bigreactors.reactorcontroller":1,"stat.mineBlock.enderio.blockCapBank":1,"stat.craftItem.tconstruct.seared":46,"stat.pickup.minecraft.nether_wart":56,"stat.craftItem.bigreactors.reactorpowertaprf":2,"stat.mineBlock.minecraft.coal_ore":8856,"stat.pickup.extrautils2.ingredients":528,"stat.useItem.simplegenerators.lava_generator":2,"stat.drop.draconicevolution.wyvern_sword":1,"stat.pickup.minecraft.string":1446,"stat.useItem.bigreactors.reactorpowertaprf":5,"stat.useItem.enderio.blockXPVacuum":8,"stat.mineBlock.minecraft.ladder":5,"stat.craftItem.rftools.matter_transmitter":1,"stat.mineBlock.chisel.marbleextra":143,"stat.craftItem.mysticalagriculture.supremium_leggings":1,"stat.pickup.mysticalagriculture.supremium_helmet":1,"stat.mineBlock.rftools.sequencer_block":2,"stat.craftItem.excompressum.heavy_sieve":10,"stat.craftItem.tconstruct.tooltables":6,"stat.breakItem.excompressum.compressed_hammer_stone":3,"stat.useItem.extrautils2.drum":1,"stat.craftItem.minecraft.wooden_axe":3,"stat.mineBlock.extrautils2.machine":6,"stat.pickup.mysticalagriculture.seed_reprocessor":2,"stat.craftItem.randomthings.itemFilter":6,"stat.pickup.exnihiloadscensio.itemOreCobalt":1,"stat.mineBlock.minecraft.diamond_ore":180,"stat.craftItem.mysticalagriculture.tier1_inferium_seeds":4,"stat.craftItem.mysticalagriculture.prudentium_armor_core":4,"stat.craftItem.chickenchunks.chickenChunkLoader":13,"stat.mineBlock.integrateddynamics.menrilLeaves":2260,"stat.useItem.ceramics.clay_bucket":3,"stat.useItem.tconstruct.seared_tank":45,"achievement.killEnemy":912,"stat.craftItem.minecraft.golden_sword":9,"stat.pickup.enderio.itemBasicFilterUpgrade":14,"stat.useItem.minecraft.ladder":5,"stat.mineBlock.extrautils2.spike_gold":15,"stat.pickup.enderstorage.enderStorage":61,"stat.pickup.minecraft.snowball":19,"stat.craftItem.mysticalagriculture.superium_tool_core":9,"achievement.xu2.manual.mill":52,"stat.diveOneCm":57884,"stat.pickup.fluxnetworks.FluxPlug":14,"stat.pickup.mysticalagriculture.ultimate_furnace":1,"stat.pickup.extrautils2.machine":6,"stat.useItem.minecraft.sticky_piston":33,"stat.craftItem.minecraft.ladder":6,"achievement.buildHoe":3,"stat.mineBlock.minecraft.stone_button":7,"stat.useItem.randomthings.advancedItemCollector":5,"stat.useItem.simplegenerators.lava_generator_2":1,"achievement.simplegenerators.craft_lava_gen":9,"stat.useItem.woodenshears.wshears":2049,"stat.craftItem.minecraft.diamond_sword":12,"stat.pickup.betterbuilderswands.wandUnbreakable":2,"stat.jump":7422,"stat.useItem.minecraft.sand":3,"stat.useItem.enderio.blockCombustionGenerator":1,"stat.pickup.mysticalagriculture.supremium_chestplate":1,"stat.craftItem.actuallyadditions.blockGiantChest":95,"stat.craftItem.minecraft.torch":568,"stat.craftItem.actuallyadditions.blockFurnaceDouble":5,"stat.pickup.immersiveengineering.stoneDecoration":1,"stat.useItem.minecraft.glass":65,"stat.mineBlock.excompressum.wooden_crucible":3,"stat.useItem.minecraft.sapling":158,"achievement.blazeRod":96,"stat.mineBlock.minecraft.glass_pane":1,"stat.damageTaken":60140020,"stat.craftItem.rftoolsdim.rftoolsdim_manual":2,"stat.mineBlock.torchmaster.mega_torch":28,"stat.useItem.minecraft.end_crystal":24,"stat.craftItem.enderio.blockDarkIronBars":144,"stat.useItem.minecraft.gold_block":23,"stat.pickup.immersiveengineering.metal":31,"stat.mineBlock.minecraft.sapling":2,"stat.craftItem.mysticalagriculture.draconium_seeds":4,"stat.craftItem.hatchery.animalnet":1,"stat.pickup.minecraft.potato":1,"stat.craftItem.mysticalagriculture.supremium_block":4,"stat.useItem.excompressum.auto_heavy_sieve":12,"stat.pickup.enderio.blockEnchanter":2,"stat.drop.botania.petal":4,"stat.craftItem.minecraft.stone_slab":108,"stat.pickup.hatchery.hatcheryegg":13,"stat.useItem.immersiveengineering.storage":18,"stat.animalsBred":17,"stat.useItem.minecraft.chest":49,"stat.pickup.rftoolsdim.rftoolsdim_manual":3,"stat.mineBlock.integrateddynamics.menrilSapling":7,"stat.craftItem.enderio.itemAlloy":251,"stat.useItem.tconstruct.faucet":8,"stat.craftItem.rftoolsdim.biome_absorber":2,"stat.craftItem.mysticalagriculture.supremium_boots":1,"stat.craftItem.actuallyadditions.itemPantsObsidian":1,"stat.pickup.minecraft.ender_pearl":543,"stat.pickup.minecraft.ladder":5,"stat.useItem.minecraft.netherrack":39,"stat.craftItem.bigreactors.blockmetals":135,"stat.craftItem.enderio.blockTank":2,"stat.useItem.hatchery.fertilized_dirt":1,"stat.craftItem.draconicevolution.info_tablet":1,"stat.mineBlock.minecraft.glowstone":6,"stat.pickup.exnihiloadscensio.blockEndstoneCrushed":212,"stat.craftItem.minecraft.shears":31,"stat.mineBlock.enderstorage.enderStorage":53,"stat.pickup.minecraft.torch":266,"stat.useItem.rftoolsdim.dimension_builder":3,"stat.pickup.rftools.coalgenerator":2,"stat.mineBlock.tp.cobblegen_block":16,"stat.useItem.extrautils2.playerchest":1,"stat.breakItem.exnihiloadscensio.crookWood":2,"stat.craftItem.actuallyadditions.itemChestToCrateUpgrade":6,"stat.craftItem.enderio.blockStirlingGenerator":3,"stat.pickup.integrateddynamics.crystalizedMenrilChunk":156,"stat.mineBlock.tconstruct.seared_tank":42,"stat.pickup.mysticalagriculture.supremium_leggings":1,"stat.pickup.bigreactors.reactorfuelrod":67,"stat.craftItem.minecraft.iron_axe":10,"stat.pickup.minecraft.lapis_block":64,"stat.mineBlock.extrautils2.compressedcobblestone":360,"stat.pickup.immersiveengineering.metalDevice1":4,"stat.useItem.minecraft.planks":389,"stat.useItem.rftoolsdim.dimension_enscriber":2,"stat.craftItem.actuallyadditions.blockPhantomPlacer":7,"stat.pickup.minecraft.blaze_powder":631,"stat.pickup.minecraft.glass":569,"stat.pickup.actuallyadditions.blockBreaker":4,"stat.craftItem.bigreactors.reactorcontrolrod":141,"stat.pickup.rftoolsdim.biome_absorber":1,"stat.craftItem.hatchery.nest":44,"stat.mineBlock.bigreactors.reactoraccessport":3,"stat.useItem.minecraft.water_bucket":66,"stat.pickup.minecraft.sand":3335,"stat.craftItem.minecraft.golden_apple":50,"stat.pickup.darkutils.trap_move":180,"stat.craftItem.minicoal.miniCoal":2312,"stat.craftItem.darkutils.trap_move_hyper":88,"stat.craftItem.exnihiloadscensio.blockCrucible":40,"achievement.diamonds":49,"stat.craftItem.actuallyadditions.itemCrystalEmpowered":27,"stat.craftItem.extrautils2.resonator":1,"achievement.buildBetterPickaxe":22,"stat.pickup.actuallyadditions.itemBooklet":1,"stat.craftItem.minecraft.blaze_powder":225,"stat.useItem.rftoolsdim.dimlet_workbench":3,"stat.drop.minecraft.golden_sword":26,"stat.craftItem.mysticalagriculture.superium_ingot":20,"stat.craftItem.mysticalagriculture.seed_reprocessor":4,"stat.craftItem.minecraft.hardened_clay":1,"stat.craftItem.bigreactors.reactorcasing":532,"stat.craftItem.mysticalagriculture.superium_block":1,"stat.pickup.actuallyadditions.blockTestifiBucksWhiteWall":15,"stat.mineBlock.chancecubes.chance_Cube":1,"stat.mineBlock.botania.doubleFlower2":40,"stat.mineBlock.botania.doubleFlower1":11,"stat.pickup.minecraft.furnace":3,"stat.craftItem.minecraft.ender_pearl":377,"stat.useItem.minecraft.redstone":19,"stat.useItem.integrateddynamics.dryingBasin":1,"achievement.overkill":1073,"achievement.mineWood":326,"stat.mineBlock.excompressum.auto_heavy_sieve":7,"stat.craftItem.mysticalagriculture.prudentium_essence":344,"stat.useItem.minecraft.stone_stairs":25,"stat.pickup.minecraft.skull":17,"stat.pickup.enderio.itemPowderIngot":71,"stat.craftItem.chickens.colored_egg":4,"stat.useItem.tconstruct.seared_glass":335,"stat.mineBlock.rftools.crafter3":4,"stat.mineBlock.rftools.crafter2":7,"stat.mineBlock.rftools.crafter1":7,"stat.craftItem.minecraft.sand":5217,"stat.craftItem.moarsigns.moar_sign":9,"stat.useItem.minecraft.hopper":1,"stat.pickup.draconicevolution.dislocator":2,"stat.craftItem.minecraft.heavy_weighted_pressure_plate":30,"stat.craftItem.fluxnetworks.HerculeanFluxStorage":6,"stat.useItem.rftools.timer_block":5,"stat.useItem.hatchery.animalnet":314,"stat.playOneMinute":6892755,"stat.useItem.exnihiloadscensio.hammerStone":120,"stat.pickup.minecraft.diamond_block":6,"stat.useItem.minecraft.shears":3411,"stat.pickup.quantumstorage.quantumtank":1,"stat.useItem.tp.iron_cobblegen_block":4,"stat.pickup.natura.overworld_seeds":4,"stat.mineBlock.simplegenerators.lava_generator_2":1,"stat.mineBlock.immersiveengineering.stoneDecoration":30,"stat.pickup.minecraft.iron_bars":2,"stat.pickup.chisel.dirt":833,"stat.pickup.draconicevolution.info_tablet":4,"stat.craftItem.immersiveengineering.metalDecoration2":6,"stat.craftItem.tp.cobblegen_block":27,"stat.mineBlock.minecraft.netherrack":22,"stat.craftItem.draconicevolution.wyvern_shovel":1,"stat.useItem.mysticalagriculture.supremium_shovel":11702,"stat.pickup.exnihiloadscensio.itemSeedBirch":5,"stat.craftItem.snad.snad":49,"stat.craftItem.mysticalagriculture.supremium_armor_core":4,"stat.mineBlock.tconstruct.faucet":3,"stat.pickup.mysticalagriculture.supremium_essence":92,"stat.pickup.minecraft.cooked_chicken":1,"stat.fallOneCm":179123,"stat.drop.minecraft.dye":1,"stat.mineBlock.enderio.blockStirlingGenerator":5,"stat.useItem.bigreactors.reactorcasing":436,"stat.pickup.draconicevolution.grinder":1,"stat.craftItem.draconicevolution.crafting_pedestal":10,"stat.craftItem.minecraft.chest":969,"draconicevolution.soul":4,"stat.mineBlock.minecraft.lever":11,"stat.pickup.minecraft.red_mushroom":3,"stat.useItem.minecraft.iron_hoe":89,"stat.pickup.draconicevolution.draconium_capacitor":4,"stat.craftItem.hatchery.fertilized_dirt":5,"stat.pickup.minecraft.feather":29,"stat.useItem.minecraft.stone_pickaxe":130,"stat.craftItem.tconstruct.seared_tank":5,"stat.pickup.literalascension.climbing_rope":117,"stat.pickup.minecraft.chainmail_boots":1,"stat.craftItem.minecraft.golden_pickaxe":1,"stat.craftItem.draconicevolution.wyvern_boots":1,"stat.pickup.enderio.itemItemConduit":328,"stat.craftItem.draconicevolution.dislocator":5,"stat.craftItem.rftoolsdim.dimension_enscriber":1,"stat.useItem.extrautils2.grocket":55,"stat.useItem.withercrumbs.crumb_star":48,"stat.craftItem.extrautils2.compressedgravel":371,"stat.mineBlock.enderio.blockConduitBundle":264,"stat.craftItem.extrautils2.filter":17,"stat.craftItem.mysticalagriculture.intermedium_armor_core":4,"stat.craftItem.ceramics.clay_bucket":5,"stat.killEntity.LavaSlime":23,"stat.pickup.minecraft.log":1487,"achievement.theEnd2":1,"stat.craftItem.betterbuilderswands.wandStone":3,"stat.entityKilledBy.Enderman":1,"stat.craftItem.exnihiloadscensio.itemOreCopper":14,"stat.mineBlock.minecraft.iron_block":6,"stat.craftItem.tconstruct.smeltery_controller":2,"stat.pickup.enderio.itemBrokenSpawner":5,"stat.craftItem.enderio.itemItemConduit":560,"stat.pickup.quantumstorage.quantumdsu":18,"stat.useItem.hatchery.nest":8,"stat.craftItem.mysticalagriculture.supremium_shovel":2,"stat.craftItem.hatchery.chickenmanure":387,"stat.pickup.minecraft.diamond_helmet":1,"stat.mineBlock.darkutils.trap_move_hyper":6,"stat.pickup.actuallyadditions.blockDisplayStand":1,"stat.craftItem.woodenshears.wshears":54,"stat.useItem.enderio.blockInhibitorObelisk":3,"stat.craftItem.minecraft.golden_boots":1,"stat.sneakTime":212325,"stat.craftItem.draconicevolution.wyvern_helm":1,"stat.mineBlock.hatchery.nest":2,"stat.pickup.minecraft.chest":31,"stat.craftItem.minecraft.enchanting_table":6,"stat.pickup.immersiveengineering.ore":2,"stat.mineBlock.bigreactors.reactorcasing":143,"stat.craftItem.lootbags.itemlootbag":9,"stat.craftItem.enderio.blockReinforcedObsidian":34,"stat.useItem.actuallyadditions.blockDisplayStand":5,"stat.useItem.minecraft.repeater":5,"stat.craftItem.draconicevolution.wyvern_sword":1,"stat.useItem.rftools.dialing_device":1,"stat.craftItem.botania.petal":248,"stat.craftItem.tconstruct.faucet":6,"stat.craftItem.rftools.crafter2":6,"stat.craftItem.rftools.crafter1":7,"stat.craftItem.rftools.crafter3":3,"stat.craftItem.extrautils2.compressedcobblestone":368,"stat.useItem.botania.blazeBlock":24,"stat.craftItem.enderio.blockXPVacuum":2,"stat.swimOneCm":138878,"stat.craftItem.integrateddynamics.dryingBasin":1,"stat.craftItem.draconicevolution.draconic_spawner":3,"stat.craftItem.minecraft.golden_chestplate":1,"stat.useItem.minecraft.dirt":215,"achievement.exploreAllBiomes":{"value":0,"progress":["Cold Taiga","Cold Taiga Hills","Sunflower Plains","Roofed Forest","The End","Extreme Hills+ M","Beach","FrozenRiver","Extreme Hills+","Ocean","River","Taiga","Ice Mountains","Savanna Plateau","ForestHills","Flower Forest","Plains","Cold Taiga M","TaigaHills","DesertHills","Stone Beach","Ice Plains","Jungle","Forest","Desert","Extreme Hills","Meneglin","Hell","Deep Ocean","Savanna"]},"stat.useItem.botania.fertilizer":14,"stat.pickup.roots.verdantSprig":1,"stat.pickup.excompressum.compressed_hammer_diamond":23,"stat.useItem.storagedrawers.controller":1,"stat.craftItem.draconicevolution.draconic_ingot":315,"stat.pickup.minecraft.gold_block":397,"stat.mineBlock.minecraft.redstone_block":22,"stat.useItem.hatchery.hatcheryegg":36,"stat.useItem.exnihiloadscensio.blockBarrel0":25,"stat.pickup.minecraft.clay":24,"stat.useItem.exnihiloadscensio.blockBarrel1":46,"stat.useItem.actuallyadditions.blockFluidCollector":8,"stat.pickup.rftools.timer_block":3,"stat.drop.minecraft.wheat_seeds":1,"stat.craftItem.minecraft.wooden_slab":18,"stat.pickup.extrautils2.compressedgravel":1,"stat.pickup.actuallyadditions.itemFood":82,"stat.mineBlock.bigreactors.reactorcontroller":1,"stat.craftItem.tp.blaze_cobblegen_block":5,"stat.pickup.minicoal.miniCharcoal":64,"achievement.theEnd":17,"stat.craftItem.torchmaster.mega_torch":11,"stat.useItem.extrautils2.user":4,"stat.useItem.minecraft.lever":28,"stat.useItem.enderio.blockSagMill":1,"stat.mineBlock.mysticalagriculture.seed_reprocessor":2,"stat.pickup.minecraft.stonebrick":3,"stat.craftItem.draconicevolution.tool_upgrade":11,"stat.mineBlock.extrautils2.trashcan":3,"stat.mineBlock.minecraft.nether_brick":28,"stat.useItem.enderio.blockStirlingGenerator":8,"stat.pickup.natura.nether_berrybush_blightberry":54,"stat.craftItem.enderio.blockEnchanter":1,"stat.craftItem.actuallyadditions.itemBatteryDouble":1,"stat.pickup.enderio.itemLiquidConduit":179,"stat.craftItem.draconicevolution.particle_generator":74,"stat.craftItem.enderio.itemRedstoneConduit":200,"stat.useItem.minecraft.stone_slab":13,"stat.mineBlock.botania.blazeBlock":7,"stat.mineBlock.rftools.dimensional_shard_ore":71,"stat.craftItem.minecraft.stone":653,"stat.useItem.tconstruct.casting":81,"stat.mineBlock.extrautils2.spike_diamond":14,"stat.mineBlock.minecraft.crafting_table":3,"stat.craftItem.betterbuilderswands.wandIron":15,"stat.useItem.minecraft.diamond_pickaxe":1238,"stat.pickup.draconicevolution.draconic_staff_of_power":2,"stat.craftItem.rftoolsdim.empty_dimension_tab":8,"stat.useItem.mysticalagriculture.seed_reprocessor":6,"stat.pickup.excompressum.auto_compressed_hammer":10,"achievement.buildFurnace":24,"stat.pickup.minecraft.stone_button":7,"stat.craftItem.draconicevolution.wyvern_legs":1,"stat.craftItem.minecraft.diamond_pickaxe":2,"stat.useItem.draconicevolution.fusion_crafting_core":4,"stat.craftItem.draconicevolution.wyvern_pick":1,"stat.mineBlock.enderio.blockEnchanter":2,"stat.craftItem.draconicevolution.dislocator_receptacle":2,"stat.craftItem.mysticalagriculture.base_essence_ingot":92,"stat.pickup.actuallyadditions.blockFurnaceDouble":4,"stat.useItem.excompressum.auto_sieve":8,"stat.craftItem.exnihiloadscensio.hammerStone":55,"stat.mineBlock.exnihiloadscensio.blockInfestedLeaves":1362,"stat.pickup.minecraft.gravel":3702,"stat.craftItem.draconicevolution.wyvern_bow":1,"stat.useItem.extrautils2.compressedcobblestone":360,"stat.craftItem.immersiveengineering.metalDevice1":4,"stat.pickup.exnihiloadscensio.itemSeedSpruce":1,"stat.mineBlock.tconstruct.smeltery_controller":1,"stat.useItem.minecraft.diamond_axe":351,"stat.pickup.tp.ReinforcedGlass":205,"stat.craftItem.fluxnetworks.FluxPoint":29,"stat.pickup.chickenchunks.chickenChunkLoader":5,"stat.breakItem.minecraft.wooden_axe":3,"stat.mineBlock.quantumstorage.quantumdsu":4,"stat.pickup.extrautils2.user":3,"stat.craftItem.mysticalagriculture.supremium_furnace":1,"stat.pickup.minecraft.diamond_sword":2,"stat.pickup.actuallyadditions.itemBootsObsidian":2,"stat.craftItem.enderio.itemPowerConduit":456,"stat.useItem.tconstruct.tooltables":4,"stat.mineBlock.natura.clouds":180,"stat.useItem.minecraft.piston":21,"stat.useItem.actuallyadditions.itemRiceSeed":20,"stat.craftItem.enderio.blockDarkSteelAnvil":1,"stat.pickup.minecraft.spider_eye":4,"stat.useItem.minecraft.stone_button":13,"stat.craftItem.minecraft.end_crystal":80,"stat.useItem.bigreactors.blockmetals":182,"stat.useItem.immersiveengineering.stoneDecoration":85,"stat.pickup.actuallyadditions.itemCanolaSeed":21,"stat.useItem.betterbuilderswands.wandStone":90,"stat.useItem.chickens.henhouse":2,"stat.mineBlock.minecraft.iron_bars":183,"stat.pickup.minecraft.leaves":3927,"stat.craftItem.exnihiloadscensio.crookWood":43,"stat.craftItem.extrautils2.spike_diamond":8,"achievement.xu2.techtree.start":1056,"stat.useItem.enderio.blockSliceAndSplice":1,"stat.pickup.minecraft.reeds":1323,"stat.pickup.exnihiloadscensio.itemOreIron":614,"stat.craftItem.mysticalagriculture.tier1_crafting_seed":6,"stat.pickup.tconstruct.materials":344,"stat.craftItem.storagedrawers.controller":1,"stat.craftItem.minecraft.glass":1254,"stat.pickup.exnihiloadscensio.itemSeedCarrot":25,"stat.craftItem.minecraft.cauldron":10,"stat.craftItem.fluxnetworks.FluxStorage":42,"stat.pickup.draconicevolution.energy_storage_core":1,"stat.mineBlock.excompressum.heavy_sieve":7,"stat.pickup.minecraft.piston":16,"stat.walkOneCm":17243285,"stat.craftItem.immersiveengineering.stoneDecoration":90,"stat.craftItem.excompressum.compressed_block":454,"stat.craftItem.quantumstorage.quantumdsu":64,"stat.pickup.rftoolsdim.realized_dimension_tab":1,"stat.pickup.minecraft.clay_ball":626,"stat.craftItem.storagedrawers.compDrawers":19,"stat.craftItem.extrautils2.playerchest":1,"stat.craftItem.elevatorid.elevator_white":3,"stat.mineBlock.rftools.timer_block":4,"stat.mineBlock.rftoolsdim.dimension_builder":2,"stat.pickup.mysticalagriculture.inferium_essence":787,"stat.mineBlock.hatchery.pen":13,"stat.useItem.betterbuilderswands.wandDiamond":333,"stat.pickup.minecraft.stone":215,"stat.craftItem.minecraft.hay_block":137,"stat.craftItem.rftoolsdim.dimlet_workbench":1,"stat.useItem.minecraft.leaves":6,"stat.craftItem.mysticalagriculture.inferium_furnace":1,"stat.craftItem.rftools.redstone_transmitter_block":3,"stat.pickup.minecraft.gold_ingot":106,"stat.killEntity.Skeleton":173,"stat.mineBlock.rftools.coalgenerator":2,"stat.craftItem.mysticalagriculture.intermedium_ingot":20,"stat.mineBlock.botania.specialFlower":1,"stat.mineBlock.minecraft.redstone_torch":17,"stat.craftItem.tp.ReinforcedGlass":128,"stat.killEntity.Spider":6,"stat.craftItem.exnihiloadscensio.hammerDiamond":257,"stat.pickup.exnihiloadscensio.blockDust":4271,"stat.craftItem.simplegenerators.lava_generator":9,"stat.pickup.enderio.blockCapBank":1,"stat.pickup.storagedrawers.basicDrawers":20,"stat.pickup.minecraft.quartz":1472,"stat.useItem.excompressum.wooden_crucible":3,"stat.pickup.mysticalagriculture.draconium_seeds":61,"stat.craftItem.extrautils2.trashcan":5,"stat.breakItem.minecraft.iron_axe":8,"stat.useItem.bigreactors.reactorcontrolrod":133,"stat.pickup.minecraft.water_bucket":1,"stat.pickup.mysticalagriculture.supremium_boots":1,"stat.mineBlock.minecraft.redstone_ore":354,"stat.mineBlock.tconstruct.casting":59,"stat.pickup.minecraft.lava_bucket":1,"stat.useItem.actuallyadditions.blockAtomicReconstructor":3,"stat.craftItem.minecraft.coal_block":57,"stat.craftItem.draconicevolution.fusion_crafting_core":1,"stat.craftItem.enderio.blockInhibitorObelisk":1,"stat.craftItem.minecraft.brick":10,"stat.mineBlock.minecraft.stone":103960,"stat.useItem.tconstruct.smeltery_controller":3,"stat.pickup.actuallyadditions.blockPhantomPlacer":1,"stat.useItem.excompressum.auto_compressed_hammer":21,"stat.pickup.betterbuilderswands.wandIron":2,"stat.useItem.darkutils.trap_move":252}