{"stat.pickup.actuallyadditions.blockAtomicReconstructor":1,"stat.pickup.actuallyadditions.itemDust":115,"stat.pickup.minecraft.wooden_slab":2,"stat.leaveGame":10,"stat.drop.minecraft.redstone":9,"stat.craftItem.excompressum.compressed_hammer_stone":6,"stat.craftItem.exnihiloadscensio.itemOreGold":94,"stat.pickup.excompressum.compressed_block":4,"stat.craftItem.ironchest.BlockIronChest":1,"stat.craftItem.minecraft.stone_axe":3,"stat.pickup.minecraft.bucket":2,"achievement.buildPickaxe":3,"stat.craftItem.exnihiloadscensio.blockBarrel1":4,"stat.craftItem.exnihiloadscensio.blockBarrel0":9,"stat.craftItem.excompressum.compressed_hammer_diamond":4,"stat.mineBlock.minecraft.end_stone":9,"stat.craftItem.extrautils2.machine":9,"stat.craftItem.actuallyadditions.blockAtomicReconstructor":1,"stat.useItem.minecraft.iron_pickaxe":2,"stat.craftItem.excompressum.auto_compressor":8,"stat.pickup.excompressum.heavy_sieve":7,"stat.pickup.exnihiloadscensio.itemSeedAcacia":4,"stat.craftItem.minecraft.glass_pane":16,"stat.mineBlock.excompressum.auto_hammer":5,"stat.mineBlock.excompressum.auto_sieve":4,"stat.craftItem.tp.iron_cobblegen_block":2,"stat.furnaceInteraction":250,"stat.craftItem.exnihiloadscensio.itemMesh":8,"stat.useItem.minecraft.end_stone":9,"stat.craftItem.excompressum.compressed_crook":6,"achievement.openInventory":795,"stat.craftItem.actuallyadditions.blockMisc":5,"stat.useItem.minecraft.flint_and_steel":4,"stat.pickup.tconstruct.smeltery_io":2,"stat.pickup.exnihiloadscensio.itemSeedOak":2,"stat.drop.actuallyadditions.itemMisc":1,"stat.useItem.tconstruct.smeltery_io":3,"stat.craftItem.enderio.itemMaterial":72,"stat.craftItem.minecraft.iron_pickaxe":1,"stat.useItem.enderio.itemPowerConduit":53,"stat.craftItem.immersiveengineering.metal":78,"stat.pickup.tconstruct.seared":4,"stat.chestOpened":98,"stat.pickup.extrautils2.compressedcobblestone":1,"stat.useItem.tp.cobblegen_block":13,"stat.craftItem.actuallyadditions.itemCrafterOnAStick":1,"stat.pickup.minecraft.gold_nugget":8,"stat.useItem.minecraft.clay":14,"stat.craftItem.excompressum.auto_heavy_sieve":2,"stat.craftItem.minecraft.coal":355,"stat.pickup.exnihiloadscensio.itemOreNickel":289,"stat.crouchOneCm":49227,"stat.mineBlock.minecraft.chest":9,"stat.craftItem.minecraft.diamond":18,"stat.craftItem.minecraft.iron_ingot":508,"stat.craftingTableInteraction":388,"stat.craftItem.enderio.blockSagMill":1,"stat.mineBlock.exnihiloadscensio.blockBarrel1":6,"stat.mineBlock.exnihiloadscensio.blockBarrel0":2,"stat.pickup.excompressum.auto_compressor":1,"stat.pickup.exnihiloadscensio.itemMaterial":189,"stat.mineBlock.tconstruct.smeltery_io":2,"stat.pickup.minecraft.dye":185,"stat.pickup.minecraft.planks":55,"stat.pickup.minecraft.wheat_seeds":5,"stat.craftItem.tconstruct.seared_furnace_controller":1,"stat.craftItem.extrautils2.pipe":48,"stat.pickup.exnihiloadscensio.itemSeedPotato":18,"stat.useItem.minecraft.cobblestone":178,"stat.craftItem.enderio.itemMachinePart":11,"stat.useItem.minecraft.gravel":12,"stat.mineBlock.enderio.blockCombustionGenerator":1,"stat.pickup.exnihiloadscensio.itemOreLead":284,"stat.craftItem.minecraft.gold_ingot":46,"stat.pickup.minecraft.apple":98,"stat.pickup.minecraft.end_stone":11,"stat.craftItem.enderio.blockCapBank":1,"stat.craftItem.minecraft.bucket":5,"stat.craftItem.minecraft.planks":1488,"stat.pickup.extrautils2.filter":5,"stat.mineBlock.excompressum.auto_compressor":1,"stat.pickup.actuallyadditions.blockFluidCollector":1,"stat.craftItem.literalascension.climbing_rope":16,"stat.useItem.excompressum.compressed_block":4,"stat.mineBlock.minecraft.log":583,"achievement.acquireIron":208,"stat.mineBlock.storagedrawers.basicDrawers":2,"stat.craftItem.exnihiloadscensio.itemMaterial":26,"stat.useItem.minecraft.wooden_axe":180,"stat.pickup.extrautils2.pipe":21,"stat.craftItem.minecraft.cobblestone":199,"stat.craftItem.excompressum.auto_sieve":2,"stat.pickup.exnihiloadscensio.blockBarrel0":2,"stat.pickup.exnihiloadscensio.blockBarrel1":6,"stat.useItem.minecraft.iron_axe":122,"stat.mineBlock.minecraft.cobblestone":65,"achievement.actuallyadditions.getCrystalsMilestone":{"value":0,"progress":["2"]},"stat.useItem.enderio.blockCapBank":1,"achievement.buildWorkBench":74,"stat.useItem.exnihiloadscensio.crookWood":258,"stat.craftItem.minecraft.furnace":17,"stat.pickup.tp.cobblegen_block":7,"stat.useItem.storagedrawers.basicDrawers":18,"stat.mineBlock.minecraft.clay":14,"stat.useItem.actuallyadditions.blockGiantChest":5,"stat.flyOneCm":1061,"stat.craftItem.actuallyadditions.itemMisc":21,"stat.useItem.extrautils2.compressedgravel":220,"stat.craftItem.extrautils2.grocket":20,"stat.pickup.excompressum.auto_hammer":5,"stat.useItem.excompressum.auto_hammer":7,"stat.timeSinceDeath":739644,"stat.useItem.exnihiloadscensio.blockDust":7,"stat.craftItem.minecraft.iron_block":11,"stat.craftItem.minecraft.stonebrick":20,"stat.pickup.exnihiloadscensio.itemOreGold":375,"stat.craftItem.tconstruct.seared":21,"stat.craftItem.excompressum.auto_compressed_hammer":4,"stat.pickup.minecraft.string":71,"stat.mineBlock.minecraft.ladder":5,"stat.craftItem.excompressum.heavy_sieve":5,"stat.breakItem.excompressum.compressed_hammer_stone":3,"stat.sprintOneCm":19012,"stat.craftItem.minecraft.wooden_axe":3,"stat.mineBlock.extrautils2.machine":2,"stat.useItem.ceramics.clay_bucket":3,"stat.useItem.tconstruct.seared_tank":1,"stat.craftItem.excompressum.wooden_crucible":3,"stat.useItem.minecraft.ladder":5,"stat.mineBlock.extrautils2.compressedsand":205,"stat.pickup.minecraft.iron_block":2,"stat.craftItem.minecraft.dye":9,"stat.pickup.exnihiloadscensio.itemSeedJungle":5,"stat.pickup.extrautils2.machine":2,"stat.craftItem.minecraft.ladder":6,"stat.pickup.exnihiloadscensio.itemPebble":1500,"stat.useItem.woodenshears.wshears":2049,"stat.jump":433,"stat.useItem.minecraft.sand":2,"stat.pickup.minecraft.coal":240,"stat.useItem.enderio.blockCombustionGenerator":1,"stat.pickup.minecraft.iron_ingot":26,"stat.craftItem.minecraft.lever":1,"stat.pickup.minecraft.gunpowder":256,"stat.craftItem.actuallyadditions.blockGiantChest":4,"stat.craftItem.minecraft.torch":60,"stat.pickup.minecraft.dirt":337,"stat.useItem.ironchest.BlockIronChest":1,"stat.mineBlock.excompressum.wooden_crucible":3,"stat.pickup.exnihiloadscensio.itemSeedSugarcane":14,"stat.useItem.minecraft.sapling":95,"stat.damageTaken":510,"stat.mineBlock.minecraft.torch":14,"stat.pickup.immersiveengineering.metal":2,"stat.mineBlock.excompressum.compressed_block":4,"stat.pickup.enderio.blockCombustionGenerator":1,"stat.craftItem.extrautils2.compressedsand":211,"stat.craftItem.exnihiloadscensio.blockSieve":2,"stat.useItem.excompressum.auto_heavy_sieve":4,"stat.craftItem.minecraft.stone_slab":24,"stat.useItem.minecraft.chest":18,"stat.craftItem.tconstruct.smeltery_io":1,"stat.craftItem.enderio.itemAlloy":22,"stat.craftItem.rftools.coalgenerator":2,"stat.pickup.minecraft.ladder":5,"stat.useItem.minecraft.netherrack":5,"stat.craftItem.enderio.blockTank":2,"stat.pickup.actuallyadditions.itemCoffeeSeed":20,"stat.pickup.exnihiloadscensio.blockEndstoneCrushed":9,"stat.pickup.excompressum.wooden_crucible":3,"stat.pickup.minecraft.diamond":19,"stat.pickup.minecraft.beetroot_seeds":25,"stat.pickup.minecraft.torch":15,"stat.pickup.rftools.coalgenerator":1,"stat.mineBlock.tp.cobblegen_block":7,"stat.breakItem.exnihiloadscensio.crookWood":2,"stat.useItem.betterbuilderswands.wandIron":38,"stat.craftItem.enderio.blockStirlingGenerator":3,"stat.pickup.enderio.itemPowerConduit":15,"stat.craftItem.minecraft.iron_axe":1,"stat.mineBlock.extrautils2.compressedcobblestone":360,"stat.useItem.minecraft.planks":203,"stat.useItem.rftools.coalgenerator":2,"stat.pickup.minecraft.glowstone_dust":114,"stat.pickup.minecraft.blaze_powder":87,"stat.pickup.minecraft.glass":30,"stat.useItem.minecraft.water_bucket":3,"stat.pickup.minecraft.sand":1992,"stat.craftItem.minicoal.miniCoal":520,"stat.craftItem.exnihiloadscensio.blockCrucible":6,"achievement.diamonds":12,"stat.craftItem.tconstruct.casting":1,"stat.useItem.exnihiloadscensio.blockCrucible":6,"stat.mineBlock.minecraft.sand":2,"stat.pickup.actuallyadditions.itemFlaxSeed":18,"achievement.buildBetterPickaxe":3,"stat.pickup.actuallyadditions.itemBooklet":1,"stat.useItem.excompressum.heavy_sieve":10,"stat.craftItem.minecraft.hardened_clay":1,"stat.craftItem.exnihiloadscensio.itemOreIron":297,"stat.useItem.extrautils2.pipe":48,"stat.pickup.extrautils2.compressedsand":6,"achievement.mineWood":199,"stat.mineBlock.excompressum.auto_heavy_sieve":2,"stat.useItem.minecraft.stone_stairs":5,"stat.craftItem.minecraft.sand":153,"stat.pickup.minecraft.pumpkin_seeds":9,"stat.craftItem.moarsigns.moar_sign":3,"stat.craftItem.minecraft.heavy_weighted_pressure_plate":12,"stat.mineBlock.exnihiloadscensio.blockCrucible":3,"stat.playOneMinute":739644,"stat.useItem.exnihiloadscensio.hammerStone":62,"stat.useItem.tp.iron_cobblegen_block":2,"stat.pickup.minecraft.netherrack":6,"stat.pickup.exnihiloadscensio.itemMesh":12,"stat.craftItem.tp.cobblegen_block":8,"stat.mineBlock.minecraft.netherrack":2,"stat.pickup.extrautils2.flattransfernode":13,"stat.pickup.exnihiloadscensio.itemSeedBirch":5,"stat.breakItem.excompressum.compressed_crook":6,"stat.craftItem.minecraft.flint":12,"stat.pickup.exnihiloadscensio.blockCrucible":3,"stat.useItem.excompressum.auto_compressor":9,"stat.fallOneCm":10534,"stat.pickup.excompressum.compressed_crook":1,"stat.pickup.minecraft.melon_seeds":9,"stat.mineBlock.enderio.blockStirlingGenerator":5,"stat.craftItem.minecraft.chest":49,"stat.useItem.minecraft.furnace":3,"stat.pickup.exnihiloadscensio.itemSeedDarkOak":6,"stat.craftItem.tconstruct.materials":225,"stat.useItem.excompressum.compressed_crook":3546,"stat.mineBlock.minecraft.gravel":12,"stat.breakItem.minecraft.stone_axe":2,"stat.useItem.minecraft.stone_pickaxe":130,"stat.craftItem.tconstruct.seared_tank":1,"stat.pickup.literalascension.climbing_rope":16,"stat.craftItem.rftools.machine_frame":2,"stat.useItem.minecraft.torch":51,"stat.useItem.extrautils2.grocket":18,"stat.craftItem.minecraft.redstone_block":1,"stat.craftItem.minecraft.stone_stairs":8,"stat.pickup.minecraft.crafting_table":3,"stat.craftItem.minecraft.crafting_table":38,"stat.craftItem.extrautils2.compressedgravel":371,"stat.mineBlock.enderio.blockConduitBundle":15,"stat.craftItem.extrautils2.filter":6,"stat.craftItem.ceramics.clay_bucket":5,"stat.pickup.extrautils2.grocket":13,"stat.pickup.minecraft.log":596,"stat.craftItem.betterbuilderswands.wandStone":3,"stat.pickup.minecraft.sapling":877,"stat.pickup.exnihiloadscensio.itemOreCopper":23,"stat.craftItem.exnihiloadscensio.itemOreCopper":14,"stat.mineBlock.minecraft.iron_block":2,"stat.craftItem.tconstruct.smeltery_controller":1,"stat.pickup.actuallyadditions.itemMisc":1,"stat.craftItem.minicoal.miniCharcoal":632,"stat.craftItem.enderio.blockAlloySmelter":1,"stat.mineBlock.exnihiloadscensio.blockDust":7,"stat.pickup.actuallyadditions.blockGiantChest":1,"ftbl.stat.first_joined":{"value":0,"progress":1500045958946},"stat.craftItem.woodenshears.wshears":54,"stat.sneakTime":20228,"stat.mineBlock.extrautils2.compressedgravel":220,"stat.pickup.minecraft.stone_slab":2,"stat.pickup.actuallyadditions.itemRiceSeed":20,"stat.pickup.minecraft.chest":9,"stat.drop.minecraft.stone_pickaxe":1,"stat.pickup.actuallyadditions.itemCrystal":5,"stat.craftItem.ceramics.unfired_clay":5,"stat.craftItem.extrautils2.compressedcobblestone":368,"stat.swimOneCm":1345,"stat.climbOneCm":8654,"stat.pickup.excompressum.auto_sieve":4,"stat.useItem.minecraft.dirt":3,"achievement.exploreAllBiomes":{"value":0,"progress":["Plains"]},"stat.breakItem.woodenshears.wshears":53,"stat.pickup.minecraft.anvil":1,"stat.craftItem.minecraft.stone_pickaxe":1,"stat.pickup.minecraft.cobblestone":547,"stat.craftItem.actuallyadditions.blockBreaker":1,"stat.useItem.exnihiloadscensio.blockBarrel0":10,"stat.pickup.minecraft.clay":24,"stat.useItem.exnihiloadscensio.blockBarrel1":9,"stat.useItem.actuallyadditions.blockFluidCollector":2,"stat.craftItem.minecraft.wooden_slab":18,"stat.craftItem.extrautils2.compresseddirt":37,"stat.pickup.extrautils2.compressedgravel":1,"stat.pickup.minecraft.redstone":113,"stat.drop.minecraft.coal":1,"stat.useItem.minecraft.lever":1,"stat.useItem.enderio.blockSagMill":1,"stat.pickup.integrateddynamics.menrilSapling":19,"stat.useItem.enderio.blockStirlingGenerator":8,"stat.craftItem.tconstruct.soil":240,"stat.pickup.exnihiloadscensio.itemOreSilver":16,"stat.craftItem.enderio.blockCombustionGenerator":1,"stat.craftItem.minecraft.stick":564,"stat.craftItem.minecraft.stone":86,"stat.craftItem.minecraft.gold_nugget":126,"stat.useItem.tconstruct.casting":1,"stat.mineBlock.minecraft.crafting_table":3,"stat.craftItem.betterbuilderswands.wandIron":4,"stat.useItem.excompressum.compressed_hammer_stone":785,"achievement.buildFurnace":12,"stat.mineBlock.minecraft.planks":38,"stat.useItem.extrautils2.compressedsand":205,"stat.drop":12,"stat.useItem.tconstruct.seared":22,"stat.craftItem.extrautils2.flattransfernode":48,"stat.craftItem.actuallyadditions.blockFluidCollector":1,"stat.craftItem.minecraft.piston":5,"stat.useItem.exnihiloadscensio.itemMaterial":4,"stat.useItem.excompressum.auto_sieve":6,"stat.craftItem.exnihiloadscensio.hammerStone":55,"stat.useItem.extrautils2.machine":4,"stat.mineBlock.exnihiloadscensio.blockInfestedLeaves":55,"stat.pickup.minecraft.gravel":3421,"stat.useItem.extrautils2.compressedcobblestone":360,"stat.pickup.exnihiloadscensio.itemSeedSpruce":1,"stat.useItem.minecraft.apple":45,"stat.breakItem.minecraft.wooden_axe":3,"stat.craftItem.enderio.itemPowerConduit":40,"stat.pickup.excompressum.auto_heavy_sieve":2,"stat.useItem.minecraft.stone_axe":389,"stat.pickup.exnihiloadscensio.itemOreAluminium":17,"stat.pickup.actuallyadditions.itemCanolaSeed":21,"stat.useItem.betterbuilderswands.wandStone":90,"stat.craftItem.excompressum.auto_hammer":2,"stat.craftItem.minecraft.flint_and_steel":1,"stat.pickup.minecraft.leaves":2048,"stat.craftItem.minecraft.iron_bars":32,"stat.craftItem.exnihiloadscensio.crookWood":26,"stat.craftItem.storagedrawers.basicDrawers":16,"stat.pickup.exnihiloadscensio.itemOreIron":559,"stat.craftItem.minecraft.glass":74,"stat.pickup.exnihiloadscensio.itemSeedCarrot":25,"stat.craftItem.minecraft.cauldron":1,"stat.craftItem.minecraft.anvil":1,"stat.useItem.minecraft.crafting_table":4,"stat.mineBlock.excompressum.heavy_sieve":7,"stat.craftItem.immersiveengineering.storage":4,"stat.craftItem.enderio.itemBasicCapacitor":13,"stat.walkOneCm":1758643,"stat.pickup.ceramics.clay_bucket":2,"stat.craftItem.excompressum.compressed_block":204,"stat.pickup.minecraft.stick":94,"stat.pickup.minecraft.clay_ball":56,"ftbl.stat.last_seen":{"value":0,"progress":1503071693286},"stat.craftItem.minecraft.redstone":18,"stat.useItem.minecraft.leaves":3,"stat.mineBlock.rftools.coalgenerator":1,"stat.useItem.minecraft.iron_block":2,"stat.craftItem.exnihiloadscensio.hammerDiamond":38,"stat.craftItem.minecraft.tnt":2,"stat.pickup.exnihiloadscensio.blockDust":1924,"stat.pickup.storagedrawers.basicDrawers":2,"stat.useItem.excompressum.wooden_crucible":3,"stat.pickup.enderio.blockStirlingGenerator":5,"stat.mineBlock.minecraft.leaves":8042,"stat.mineBlock.tconstruct.seared":4,"stat.pickup.minecraft.lava_bucket":1,"stat.useItem.actuallyadditions.blockAtomicReconstructor":2,"stat.useItem.enderio.blockAlloySmelter":1,"stat.useItem.tconstruct.smeltery_controller":1,"stat.useItem.excompressum.auto_compressed_hammer":4}