{"stat.pickup.actuallyadditions.blockAtomicReconstructor":1,"stat.pickup.actuallyadditions.itemDust":433,"stat.pickup.minecraft.wooden_slab":2,"stat.pickup.draconicevolution.draconium_dust":5,"stat.leaveGame":21,"stat.craftItem.fluxnetworks.FluxPlug":1,"stat.drop.minecraft.redstone":27,"stat.craftItem.botania.lexicon":1,"stat.pickup.actuallyadditions.itemCrafterOnAStick":2,"stat.craftItem.excompressum.compressed_hammer_stone":6,"stat.useItem.rftools.sensor_block":3,"stat.useItem.minecraft.glowstone":2,"stat.craftItem.minecraft.ender_eye":2,"stat.pickup.tconstruct.faucet":1,"stat.useItem.fluxnetworks.FluxPlug":1,"stat.mineBlock.gravestone.gravestone":3,"stat.craftItem.exnihiloadscensio.itemOreGold":94,"stat.pickup.excompressum.compressed_block":5,"stat.craftItem.ironchest.BlockIronChest":17,"stat.craftItem.bigreactors.reactorcasingcores":33,"stat.craftItem.minecraft.stone_axe":3,"stat.pickup.minecraft.bucket":12,"achievement.botania:flowerPickup":16,"stat.pickup.roots.oldRoot":13,"stat.craftItem.minecraft.iron_shovel":1,"achievement.buildPickaxe":7,"stat.craftItem.bigreactors.reactorfuelrod":15,"stat.craftItem.exnihiloadscensio.blockBarrel1":4,"stat.craftItem.exnihiloadscensio.blockBarrel0":9,"stat.craftItem.excompressum.compressed_hammer_diamond":9,"stat.mineBlock.minecraft.end_stone":190,"stat.mineBlock.integrateddynamics.menrilTorch":1,"stat.craftItem.extrautils2.machine":9,"stat.useItem.actuallyadditions.blockBreaker":10,"stat.craftItem.actuallyadditions.blockAtomicReconstructor":1,"stat.useItem.minecraft.iron_pickaxe":678,"stat.craftItem.tp.diamond_cobblegen_block":1,"stat.craftItem.excompressum.auto_compressor":18,"stat.useItem.minecraft.iron_shovel":3,"stat.pickup.excompressum.heavy_sieve":10,"stat.pickup.exnihiloadscensio.itemSeedAcacia":4,"stat.pickup.tconstruct.seared_glass":9,"stat.pickup.botania.pestleAndMortar":2,"stat.craftItem.minecraft.glass_pane":48,"stat.craftItem.actuallyadditions.blockLavaFactoryController":1,"stat.mineBlock.excompressum.auto_hammer":6,"stat.mineBlock.excompressum.auto_sieve":6,"stat.craftItem.tp.iron_cobblegen_block":4,"stat.mineBlock.minecraft.sticky_piston":7,"stat.furnaceInteraction":400,"stat.mineBlock.botania.flower":16,"stat.pickup.exnihiloadscensio.hammerDiamond":1,"stat.craftItem.exnihiloadscensio.itemMesh":12,"stat.useItem.minecraft.end_stone":190,"stat.craftItem.excompressum.compressed_crook":9,"stat.mineBlock.rftools.sensor_block":2,"stat.craftItem.actuallyadditions.itemCrystal":63,"stat.craftItem.botania.fertilizer":6,"stat.craftItem.botania.pestleAndMortar":1,"stat.mineBlock.tp.diamond_cobblegen_block":1,"achievement.openInventory":1943,"stat.craftItem.actuallyadditions.blockMisc":62,"stat.useItem.minecraft.flint_and_steel":26,"stat.pickup.tconstruct.smeltery_io":11,"stat.pickup.tp.iron_cobblegen_block":1,"stat.pickup.exnihiloadscensio.itemSeedOak":2,"stat.pickup.bigreactors.reactoraccessport":3,"stat.mineBlock.snad.snad":16,"stat.craftItem.draconicevolution.draconium_block":1,"stat.drop.actuallyadditions.itemMisc":1,"stat.useItem.integrateddynamics.menrilSapling":4,"stat.useItem.minecraft.dye":239,"stat.pickup.minecraft.lever":1,"stat.deaths":3,"stat.useItem.tconstruct.smeltery_io":27,"stat.craftItem.actuallyadditions.blockEmpowerer":1,"stat.craftItem.enderio.itemMaterial":997,"stat.craftItem.minecraft.iron_pickaxe":3,"stat.useItem.enderio.itemPowerConduit":194,"stat.pickup.minecraft.glass_pane":32,"stat.craftItem.immersiveengineering.metal":330,"stat.pickup.draconicevolution.draconium_ingot":260,"stat.drop.minecraft.iron_ingot":2,"stat.mineBlock.minecraft.tallgrass":116,"stat.pickup.tconstruct.seared":71,"stat.chestOpened":584,"stat.mineBlock.ironchest.BlockIronChest":1,"stat.useItem.actuallyadditions.blockEmpowerer":2,"stat.pickup.extrautils2.compressedcobblestone":1,"stat.useItem.tp.cobblegen_block":33,"stat.craftItem.minecraft.quartz_block":35,"stat.craftItem.actuallyadditions.itemCrafterOnAStick":1,"stat.pickup.minecraft.gold_nugget":91,"stat.useItem.snad.snad":64,"stat.useItem.minecraft.clay":74,"stat.craftItem.excompressum.auto_heavy_sieve":5,"stat.craftItem.minecraft.coal":1561,"stat.pickup.exnihiloadscensio.itemOreNickel":419,"stat.pickup.tconstruct.cast_custom":1,"stat.crouchOneCm":117380,"stat.mineBlock.minecraft.chest":20,"stat.craftItem.minecraft.diamond":342,"stat.craftItem.minecraft.iron_ingot":1318,"stat.craftItem.enderio.itemBasicFilterUpgrade":9,"stat.craftItem.rftools.rftools_manual":1,"stat.craftItem.minecraft.hopper":10,"stat.craftingTableInteraction":412,"stat.craftItem.enderio.blockSagMill":1,"stat.mineBlock.integrateddynamics.menrilLog":106,"stat.mineBlock.exnihiloadscensio.blockBarrel1":7,"stat.mineBlock.exnihiloadscensio.blockBarrel0":2,"stat.craftItem.tconstruct.pattern":4,"stat.pickup.actuallyadditions.blockCrystal":11,"stat.pickup.excompressum.auto_compressor":4,"stat.pickup.exnihiloadscensio.itemMaterial":232,"stat.useItem.minecraft.reeds":29,"stat.mineBlock.tconstruct.smeltery_io":11,"stat.pickup.ironchest.BlockIronChest":1,"stat.craftItem.tconstruct.seared_glass":248,"stat.pickup.minecraft.dye":451,"stat.pickup.minecraft.planks":58,"stat.useItem.exnihiloadscensio.hammerDiamond":145,"stat.pickup.minecraft.wheat_seeds":10,"stat.craftItem.rftools.sequencer_block":2,"stat.craftItem.tconstruct.seared_furnace_controller":1,"stat.pickup.bigreactors.reactorpowertaprf":2,"stat.craftItem.extrautils2.pipe":128,"stat.craftItem.randomthings.advancedItemCollector":1,"stat.mineBlock.minecraft.dirt":8,"stat.pickup.exnihiloadscensio.itemSeedPotato":18,"stat.pickup.immersiveengineering.seed":5,"stat.useItem.minecraft.cobblestone":561,"stat.craftItem.enderio.itemMachinePart":13,"stat.useItem.minecraft.gravel":12,"stat.mineBlock.enderio.blockCombustionGenerator":1,"stat.craftItem.charsetwrench.wrench":1,"stat.pickup.actuallyadditions.blockEmpowerer":1,"stat.pickup.minecraft.iron_pickaxe":2,"stat.pickup.exnihiloadscensio.itemOreLead":383,"stat.craftItem.minecraft.gold_ingot":568,"stat.craftItem.chisel.chisel_iron":1,"stat.craftItem.integrateddynamics.menrilTorch":36,"stat.pickup.minecraft.apple":119,"stat.pickup.minecraft.end_stone":24,"stat.craftItem.immersiveengineering.tool":1,"stat.pickup.bigreactors.reactorcasing":15,"stat.craftItem.enderio.blockCapBank":1,"stat.craftItem.minecraft.bucket":18,"stat.craftItem.minecraft.planks":2872,"stat.pickup.extrautils2.filter":11,"stat.mineBlock.excompressum.auto_compressor":4,"stat.pickup.actuallyadditions.blockFluidCollector":2,"stat.craftItem.literalascension.climbing_rope":112,"stat.useItem.excompressum.compressed_block":4,"stat.craftItem.fluxnetworks.FluxBlock":1,"stat.useItem.actuallyadditions.blockMisc":4,"stat.mineBlock.minecraft.log":1278,"stat.pickup.integrateddynamics.menrilBerries":79,"achievement.acquireIron":210,"stat.craftItem.minecraft.paper":72,"stat.pickup.minecraft.red_flower":19,"stat.mineBlock.storagedrawers.basicDrawers":2,"stat.craftItem.exnihiloadscensio.itemMaterial":144,"stat.useItem.minecraft.wooden_axe":180,"stat.pickup.extrautils2.pipe":147,"stat.craftItem.tconstruct.tinker_tank_controller":1,"stat.mineBlock.integrateddynamics.menrilLogFilled":10,"stat.craftItem.minecraft.cobblestone":199,"draconicevolution.dust":5,"stat.useItem.rftools.crafter3":1,"stat.craftItem.excompressum.auto_sieve":2,"stat.pickup.exnihiloadscensio.blockBarrel0":2,"stat.pickup.exnihiloadscensio.blockBarrel1":7,"stat.useItem.enderio.itemLiquidConduit":10,"stat.useItem.minecraft.iron_axe":940,"stat.useItem.quantumstorage.quantumdsu":2,"stat.mineBlock.minecraft.cobblestone":301,"stat.mineBlock.minecraft.yellow_flower":8,"stat.pickup.enderio.itemYetaWrench":1,"stat.useItem.integrateddynamics.menrilTorch":1,"achievement.actuallyadditions.getCrystalsMilestone":{"value":0,"progress":["17"]},"stat.useItem.enderio.blockCapBank":2,"stat.craftItem.minecraft.clock":2,"stat.drop.minecraft.cobblestone":1,"achievement.buildWorkBench":160,"stat.useItem.exnihiloadscensio.crookWood":258,"stat.breakItem.minecraft.iron_pickaxe":2,"stat.pickup.minecraft.sticky_piston":3,"stat.pickup.integrateddynamics.menrilTorch":1,"stat.craftItem.minecraft.furnace":49,"stat.pickup.tp.cobblegen_block":12,"stat.useItem.storagedrawers.basicDrawers":18,"stat.pickup.actuallyadditions.blockMisc":2,"stat.craftItem.bigreactors.ingotmetals":39,"stat.mineBlock.minecraft.clay":74,"stat.useItem.actuallyadditions.blockGiantChest":25,"stat.flyOneCm":36060,"stat.craftItem.actuallyadditions.itemMisc":173,"stat.useItem.extrautils2.compressedgravel":220,"stat.craftItem.extrautils2.grocket":48,"stat.craftItem.botania.dye":14,"stat.pickup.excompressum.auto_hammer":6,"stat.useItem.excompressum.auto_hammer":8,"stat.timeSinceDeath":1224133,"stat.useItem.exnihiloadscensio.blockDust":7,"stat.useItem.actuallyadditions.blockPlacer":2,"stat.craftItem.minecraft.iron_block":16,"stat.craftItem.minecraft.stonebrick":20,"stat.pickup.exnihiloadscensio.itemOreGold":409,"stat.pickup.bigreactors.reactorcontroller":1,"stat.mineBlock.enderio.blockCapBank":1,"stat.craftItem.tconstruct.seared":46,"stat.craftItem.bigreactors.reactorpowertaprf":2,"stat.craftItem.excompressum.auto_compressed_hammer":9,"stat.useItem.simplegenerators.lava_generator":2,"stat.pickup.minecraft.string":142,"stat.useItem.bigreactors.reactorpowertaprf":4,"stat.mineBlock.minecraft.ladder":5,"stat.craftItem.excompressum.heavy_sieve":9,"stat.breakItem.excompressum.compressed_hammer_stone":3,"stat.sprintOneCm":757048,"stat.mineBlock.minecraft.stone_slab":1,"stat.pickup.immersiveengineering.tool":2,"stat.craftItem.minecraft.wooden_axe":3,"stat.mineBlock.extrautils2.machine":4,"integrateddynamics.meneglinDiscovery":116,"stat.mineBlock.integrateddynamics.menrilLeaves":162,"stat.useItem.ceramics.clay_bucket":3,"stat.useItem.tconstruct.seared_tank":37,"stat.craftItem.excompressum.wooden_crucible":3,"stat.useItem.minecraft.ladder":5,"stat.mineBlock.extrautils2.compressedsand":205,"stat.pickup.minecraft.iron_block":14,"stat.craftItem.minecraft.dye":196,"stat.pickup.minecraft.snowball":12,"stat.pickup.exnihiloadscensio.itemSeedJungle":5,"stat.pickup.extrautils2.machine":4,"stat.useItem.minecraft.sticky_piston":12,"stat.useItem.actuallyadditions.blockFurnaceDouble":2,"stat.mineBlock.tp.iron_cobblegen_block":1,"stat.craftItem.minecraft.ladder":6,"achievement.buildHoe":2,"stat.mineBlock.minecraft.stone_button":6,"stat.craftItem.botania.altar":1,"stat.useItem.randomthings.advancedItemCollector":1,"stat.pickup.minecraft.obsidian":43,"stat.useItem.simplegenerators.lava_generator_2":1,"stat.useItem.bigreactors.reactorfuelrod":15,"stat.pickup.simplegenerators.lava_generator_2":1,"stat.pickup.exnihiloadscensio.itemPebble":1500,"achievement.simplegenerators.craft_lava_gen":9,"stat.useItem.woodenshears.wshears":2049,"stat.jump":2108,"stat.useItem.minecraft.sand":2,"stat.craftItem.rftools.sensor_block":1,"stat.pickup.minecraft.coal":286,"stat.useItem.enderio.blockCombustionGenerator":1,"stat.pickup.minecraft.iron_ingot":175,"stat.pickup.tconstruct.seared_tank":37,"stat.craftItem.minecraft.lever":3,"stat.useItem.exnihiloadscensio.itemSeedSugarcane":14,"stat.pickup.minecraft.gunpowder":1253,"stat.craftItem.actuallyadditions.blockGiantChest":23,"stat.craftItem.minecraft.torch":264,"stat.pickup.minecraft.dirt":378,"stat.useItem.ironchest.BlockIronChest":2,"stat.craftItem.actuallyadditions.blockFurnaceDouble":2,"stat.mineBlock.excompressum.wooden_crucible":3,"stat.pickup.exnihiloadscensio.itemSeedSugarcane":14,"stat.useItem.minecraft.sapling":132,"stat.pickup.minecraft.iron_axe":2,"stat.damageTaken":1960,"stat.mineBlock.torchmaster.mega_torch":1,"stat.mineBlock.minecraft.torch":40,"stat.mineBlock.minecraft.red_flower":14,"stat.pickup.fluxnetworks.FluxPoint":1,"stat.pickup.immersiveengineering.metal":28,"stat.mineBlock.minecraft.sapling":1,"stat.craftItem.minecraft.comparator":2,"stat.mineBlock.excompressum.compressed_block":4,"stat.craftItem.enderio.blockFusedQuartz":5,"stat.pickup.enderio.blockCombustionGenerator":1,"stat.craftItem.extrautils2.compressedsand":218,"stat.craftItem.exnihiloadscensio.blockSieve":2,"stat.useItem.excompressum.auto_heavy_sieve":6,"stat.drop.botania.petal":4,"stat.craftItem.minecraft.stone_slab":66,"stat.useItem.minecraft.chest":40,"stat.craftItem.tconstruct.smeltery_io":16,"stat.craftItem.bigreactors.reactoraccessport":2,"stat.craftItem.enderio.itemAlloy":118,"stat.craftItem.rftools.coalgenerator":2,"stat.useItem.tconstruct.faucet":7,"stat.useItem.enderio.itemRedstoneConduit":26,"stat.pickup.bigreactors.dustmetals":1,"stat.pickup.minecraft.ender_pearl":12,"stat.useItem.minecraft.redstone_ore":14,"stat.pickup.minecraft.ladder":5,"stat.craftItem.enderio.itemLiquidConduit":16,"stat.useItem.minecraft.netherrack":38,"stat.craftItem.bigreactors.blockmetals":20,"stat.craftItem.enderio.blockTank":2,"stat.pickup.actuallyadditions.itemCoffeeSeed":20,"stat.mineBlock.minecraft.glowstone":2,"stat.pickup.exnihiloadscensio.blockEndstoneCrushed":198,"stat.craftItem.minecraft.shears":1,"stat.pickup.excompressum.wooden_crucible":3,"stat.pickup.minecraft.diamond":19,"stat.pickup.minecraft.beetroot_seeds":25,"stat.pickup.minecraft.torch":132,"stat.pickup.rftools.coalgenerator":1,"stat.pickup.botania.specialFlower":3,"stat.mineBlock.tp.cobblegen_block":12,"stat.drop.tconstruct.seared_tank":1,"stat.breakItem.exnihiloadscensio.crookWood":2,"stat.craftItem.rftools.machine_base":5,"stat.useItem.betterbuilderswands.wandIron":581,"stat.craftItem.actuallyadditions.itemChestToCrateUpgrade":6,"stat.pickup.tp.diamond_cobblegen_block":1,"stat.craftItem.enderio.blockStirlingGenerator":3,"stat.pickup.integrateddynamics.crystalizedMenrilChunk":22,"stat.mineBlock.tconstruct.seared_tank":35,"stat.pickup.enderio.itemPowerConduit":76,"stat.pickup.simplegenerators.lava_generator":9,"stat.craftItem.minecraft.iron_axe":4,"stat.mineBlock.extrautils2.compressedcobblestone":360,"stat.useItem.minecraft.planks":210,"stat.useItem.rftools.coalgenerator":2,"stat.pickup.minecraft.glowstone_dust":123,"stat.pickup.minecraft.blaze_powder":87,"stat.pickup.minecraft.glass":127,"stat.pickup.actuallyadditions.blockBreaker":4,"stat.craftItem.bigreactors.reactorcontrolrod":5,"stat.mineBlock.bigreactors.reactoraccessport":3,"stat.useItem.minecraft.water_bucket":41,"stat.pickup.enderio.itemRedstoneConduit":6,"stat.pickup.minecraft.sand":2000,"stat.craftItem.minicoal.miniCoal":1520,"stat.craftItem.exnihiloadscensio.blockCrucible":40,"achievement.diamonds":12,"stat.craftItem.tconstruct.casting":8,"stat.useItem.exnihiloadscensio.blockCrucible":38,"stat.mineBlock.simplegenerators.lava_generator":2,"stat.mineBlock.minecraft.sand":2,"stat.pickup.actuallyadditions.itemFlaxSeed":18,"achievement.buildBetterPickaxe":7,"stat.pickup.actuallyadditions.itemBooklet":1,"stat.mineBlock.bigreactors.reactorpowertaprf":2,"stat.useItem.excompressum.heavy_sieve":10,"stat.pickup.minecraft.ghast_tear":4,"stat.craftItem.minecraft.hardened_clay":1,"stat.craftItem.bigreactors.reactorcasing":132,"stat.craftItem.refinedstorage.silicon":3,"stat.pickup.actuallyadditions.blockTestifiBucksWhiteWall":15,"stat.craftItem.exnihiloadscensio.itemOreIron":297,"stat.mineBlock.botania.doubleFlower1":1,"stat.useItem.extrautils2.pipe":209,"stat.craftItem.minecraft.ender_pearl":37,"stat.useItem.minecraft.redstone":8,"stat.pickup.extrautils2.compressedsand":63,"stat.pickup.actuallyadditions.blockTestifiBucksGreenWall":15,"achievement.mineWood":267,"stat.mineBlock.excompressum.auto_heavy_sieve":2,"stat.useItem.minecraft.stone_stairs":20,"stat.craftItem.randomthings.itemCollector":1,"stat.mineBlock.tconstruct.seared_glass":9,"stat.pickup.enderio.itemPowderIngot":5,"stat.useItem.tconstruct.seared_glass":245,"stat.pickup.minecraft.stone_stairs":3,"stat.useItem.botania.petal":2,"stat.craftItem.minecraft.sand":1539,"stat.pickup.minecraft.pumpkin_seeds":9,"stat.craftItem.moarsigns.moar_sign":3,"stat.craftItem.minecraft.heavy_weighted_pressure_plate":22,"stat.mineBlock.exnihiloadscensio.blockCrucible":20,"stat.useItem.rftools.timer_block":3,"stat.playOneMinute":2164826,"stat.useItem.exnihiloadscensio.hammerStone":98,"stat.pickup.minecraft.diamond_block":6,"stat.useItem.tp.iron_cobblegen_block":4,"stat.pickup.natura.overworld_seeds":4,"stat.mineBlock.simplegenerators.lava_generator_2":1,"stat.pickup.minecraft.netherrack":41,"stat.pickup.exnihiloadscensio.itemMesh":14,"stat.pickup.tconstruct.casting":15,"stat.craftItem.tp.cobblegen_block":27,"stat.mineBlock.minecraft.netherrack":21,"stat.pickup.extrautils2.flattransfernode":73,"stat.useItem.actuallyadditions.blockLavaFactoryController":1,"stat.pickup.exnihiloadscensio.itemSeedBirch":5,"stat.breakItem.excompressum.compressed_crook":7,"stat.craftItem.minecraft.flint":16,"stat.craftItem.snad.snad":49,"stat.pickup.exnihiloadscensio.blockCrucible":20,"stat.mineBlock.tconstruct.faucet":1,"stat.pickup.simplecorn.kernels":5,"stat.useItem.excompressum.auto_compressor":22,"stat.craftItem.minecraft.iron_hoe":1,"stat.fallOneCm":51024,"stat.useItem.extrautils2.trashcan":1,"stat.pickup.excompressum.compressed_crook":2,"stat.drop.minecraft.dye":1,"stat.pickup.minecraft.melon_seeds":9,"stat.mineBlock.enderio.blockStirlingGenerator":5,"stat.useItem.bigreactors.reactorcasing":103,"stat.craftItem.minecraft.chest":153,"stat.mineBlock.minecraft.lever":2,"stat.useItem.minecraft.iron_hoe":20,"stat.useItem.bigreactors.reactoraccessport":5,"stat.craftItem.actuallyadditions.blockDisplayStand":5,"stat.useItem.minecraft.furnace":3,"stat.pickup.exnihiloadscensio.itemSeedDarkOak":6,"stat.craftItem.tconstruct.materials":256,"stat.useItem.excompressum.compressed_crook":4886,"stat.mineBlock.minecraft.snow":3,"stat.mineBlock.minecraft.gravel":12,"stat.breakItem.minecraft.stone_axe":2,"stat.useItem.minecraft.stone_pickaxe":130,"stat.craftItem.tconstruct.seared_tank":3,"stat.pickup.literalascension.climbing_rope":27,"stat.craftItem.rftools.machine_frame":12,"stat.pickup.minecraft.flint_and_steel":2,"stat.pickup.enderio.itemItemConduit":8,"stat.useItem.minecraft.torch":200,"stat.useItem.extrautils2.grocket":54,"stat.craftItem.minecraft.redstone_block":7,"stat.craftItem.minecraft.stone_stairs":52,"stat.pickup.minecraft.crafting_table":3,"stat.useItem.minecraft.log":2,"stat.craftItem.minecraft.crafting_table":81,"stat.craftItem.extrautils2.compressedgravel":371,"stat.mineBlock.enderio.blockConduitBundle":76,"stat.craftItem.extrautils2.filter":17,"stat.craftItem.ceramics.clay_bucket":5,"stat.pickup.extrautils2.grocket":29,"stat.pickup.minecraft.log":894,"stat.useItem.actuallyadditions.itemChestToCrateUpgrade":6,"stat.craftItem.minecraft.stone_button":16,"stat.craftItem.betterbuilderswands.wandStone":3,"stat.pickup.minecraft.sapling":1135,"stat.pickup.exnihiloadscensio.itemOreCopper":138,"stat.craftItem.exnihiloadscensio.itemOreCopper":14,"stat.mineBlock.minecraft.iron_block":4,"stat.craftItem.tconstruct.smeltery_controller":2,"stat.pickup.integrateddynamics.menrilLog":116,"stat.craftItem.actuallyadditions.itemBattery":2,"stat.craftItem.enderio.itemItemConduit":224,"stat.craftItem.bigreactors.reactorcontroller":1,"stat.pickup.actuallyadditions.itemMisc":2,"stat.pickup.quantumstorage.quantumdsu":1,"stat.craftItem.minicoal.miniCharcoal":632,"stat.useItem.enderio.itemItemConduit":101,"stat.craftItem.enderio.blockAlloySmelter":1,"stat.mineBlock.exnihiloadscensio.blockDust":7,"stat.pickup.actuallyadditions.blockGiantChest":10,"stat.pickup.actuallyadditions.blockDisplayStand":1,"ftbl.stat.first_joined":{"value":0,"progress":1500045958946},"stat.craftItem.woodenshears.wshears":54,"stat.sneakTime":52859,"stat.mineBlock.extrautils2.compressedgravel":220,"stat.pickup.minecraft.stone_slab":3,"stat.pickup.actuallyadditions.itemRiceSeed":40,"stat.pickup.minecraft.yellow_flower":8,"stat.pickup.minecraft.chest":20,"stat.drop.minecraft.stone_pickaxe":1,"stat.pickup.actuallyadditions.itemCrystal":257,"stat.mineBlock.bigreactors.reactorcasing":15,"stat.craftItem.minecraft.sticky_piston":5,"stat.craftItem.ceramics.unfired_clay":5,"stat.pickup.minecraft.redstone_torch":7,"stat.useItem.actuallyadditions.blockDisplayStand":5,"stat.craftItem.simplegenerators.lava_generator_2":1,"stat.craftItem.botania.petal":14,"stat.craftItem.tconstruct.faucet":6,"stat.craftItem.fluxnetworks.FluxCore":8,"stat.craftItem.rftools.crafter2":1,"stat.craftItem.rftools.crafter1":1,"stat.craftItem.rftools.crafter3":1,"stat.craftItem.extrautils2.compressedcobblestone":368,"stat.useItem.botania.blazeBlock":1,"stat.swimOneCm":2551,"stat.useItem.rftools.sequencer_block":2,"stat.climbOneCm":19506,"stat.pickup.excompressum.auto_sieve":6,"stat.useItem.minecraft.dirt":45,"achievement.exploreAllBiomes":{"value":0,"progress":["Plains","Extreme Hills"]},"stat.useItem.botania.fertilizer":4,"stat.breakItem.woodenshears.wshears":53,"stat.pickup.minecraft.anvil":1,"stat.craftItem.enderio.itemYetaWrench":1,"stat.craftItem.minecraft.stone_pickaxe":1,"stat.craftItem.actuallyadditions.blockPlacer":2,"stat.pickup.minecraft.cobblestone":1704,"stat.craftItem.actuallyadditions.blockBreaker":7,"stat.useItem.exnihiloadscensio.blockBarrel0":10,"stat.pickup.minecraft.clay":24,"stat.useItem.exnihiloadscensio.blockBarrel1":10,"stat.pickup.minecraft.soul_sand":180,"stat.useItem.actuallyadditions.blockFluidCollector":4,"stat.pickup.rftools.timer_block":2,"stat.drop.minecraft.wheat_seeds":1,"stat.craftItem.minecraft.wooden_slab":18,"stat.craftItem.extrautils2.compresseddirt":37,"stat.pickup.extrautils2.compressedgravel":1,"stat.pickup.minecraft.redstone":155,"stat.craftItem.minecraft.book":2,"stat.pickup.actuallyadditions.itemFood":39,"stat.mineBlock.bigreactors.reactorcontroller":1,"stat.craftItem.torchmaster.mega_torch":11,"stat.drop.minecraft.coal":2,"stat.useItem.minecraft.lever":5,"stat.useItem.enderio.blockSagMill":1,"stat.pickup.integrateddynamics.menrilSapling":32,"stat.useItem.enderio.blockStirlingGenerator":8,"stat.craftItem.tconstruct.soil":256,"stat.pickup.tconstruct.smeltery_controller":1,"stat.pickup.exnihiloadscensio.itemOreSilver":160,"stat.craftItem.enderio.blockCombustionGenerator":1,"stat.pickup.botania.petal":6,"stat.craftItem.actuallyadditions.itemBatteryDouble":1,"stat.pickup.enderio.itemLiquidConduit":1,"stat.craftItem.minecraft.stick":1040,"stat.craftItem.enderio.itemRedstoneConduit":32,"stat.useItem.minecraft.stone_slab":11,"stat.craftItem.minecraft.stone":195,"stat.craftItem.minecraft.gold_nugget":315,"stat.useItem.tconstruct.casting":23,"stat.mineBlock.minecraft.crafting_table":3,"stat.craftItem.betterbuilderswands.wandIron":15,"stat.useItem.excompressum.compressed_hammer_stone":785,"stat.pickup.botania.flower":16,"achievement.buildFurnace":16,"stat.mineBlock.minecraft.planks":41,"stat.useItem.extrautils2.compressedsand":205,"stat.drop":46,"stat.pickup.minecraft.stone_button":6,"stat.useItem.tp.diamond_cobblegen_block":2,"stat.useItem.tconstruct.seared":262,"stat.craftItem.extrautils2.flattransfernode":104,"stat.craftItem.actuallyadditions.blockFluidCollector":2,"stat.craftItem.minecraft.piston":17,"stat.useItem.exnihiloadscensio.itemMaterial":9,"stat.useItem.excompressum.auto_sieve":8,"stat.craftItem.exnihiloadscensio.hammerStone":55,"stat.useItem.extrautils2.machine":6,"stat.mineBlock.exnihiloadscensio.blockInfestedLeaves":108,"stat.pickup.minecraft.gravel":3445,"stat.useItem.extrautils2.compressedcobblestone":360,"stat.craftItem.rftools.timer_block":2,"stat.pickup.exnihiloadscensio.itemSeedSpruce":1,"stat.mineBlock.tconstruct.smeltery_controller":1,"stat.craftItem.fluxnetworks.FluxPoint":1,"stat.useItem.minecraft.apple":138,"stat.breakItem.minecraft.wooden_axe":3,"stat.mineBlock.quantumstorage.quantumdsu":1,"stat.craftItem.enderio.itemPowerConduit":176,"stat.pickup.excompressum.auto_heavy_sieve":4,"stat.useItem.botania.altar":1,"stat.useItem.minecraft.stone_axe":389,"stat.useItem.minecraft.piston":6,"stat.useItem.actuallyadditions.itemRiceSeed":20,"stat.pickup.exnihiloadscensio.itemOreAluminium":104,"stat.craftItem.exnihiloadscensio.blockEndstoneCrushed":9,"stat.useItem.minecraft.stone_button":10,"stat.useItem.tconstruct.tinker_tank_controller":1,"stat.useItem.bigreactors.blockmetals":12,"stat.pickup.actuallyadditions.itemCanolaSeed":21,"stat.useItem.betterbuilderswands.wandStone":90,"stat.craftItem.excompressum.auto_hammer":2,"stat.craftItem.minecraft.flint_and_steel":1,"stat.pickup.minecraft.leaves":2048,"stat.pickup.exnihiloadscensio.hammerStone":1,"stat.mineBlock.minecraft.stone_stairs":3,"stat.craftItem.minecraft.iron_bars":32,"stat.craftItem.exnihiloadscensio.crookWood":42,"stat.drop.minecraft.water_bucket":1,"stat.craftItem.storagedrawers.basicDrawers":16,"stat.pickup.minecraft.reeds":101,"stat.pickup.exnihiloadscensio.itemOreIron":614,"stat.pickup.tconstruct.materials":66,"stat.craftItem.minecraft.glass":494,"stat.pickup.exnihiloadscensio.itemSeedCarrot":25,"stat.craftItem.minecraft.cauldron":1,"stat.pickup.snad.snad":15,"stat.craftItem.minecraft.bowl":4,"stat.craftItem.minecraft.anvil":1,"stat.useItem.minecraft.crafting_table":4,"stat.mineBlock.excompressum.heavy_sieve":7,"stat.craftItem.minecraft.gravel":135,"stat.pickup.botania.doubleFlower1":1,"stat.craftItem.immersiveengineering.storage":12,"stat.craftItem.enderio.itemBasicCapacitor":21,"stat.walkOneCm":4619222,"stat.pickup.ceramics.clay_bucket":4,"stat.craftItem.excompressum.compressed_block":241,"stat.craftItem.quantumstorage.quantumdsu":1,"stat.pickup.minecraft.stick":125,"stat.pickup.minecraft.clay_ball":298,"stat.pickup.immersiveengineering.storage":4,"stat.mineBlock.rftools.timer_block":2,"ftbl.stat.last_seen":{"value":0,"progress":1503532918723},"stat.drop.minecraft.iron_block":4,"stat.useItem.botania.specialFlower":3,"stat.pickup.minecraft.stone":30,"stat.useItem.bigreactors.reactorcontroller":2,"stat.craftItem.minecraft.redstone":738,"stat.useItem.minecraft.leaves":3,"stat.useItem.torchmaster.mega_torch":11,"stat.pickup.minecraft.gold_ingot":56,"stat.mineBlock.rftools.coalgenerator":1,"stat.mineBlock.botania.specialFlower":1,"stat.useItem.literalascension.climbing_rope":53,"stat.pickup.exnihiloadscensio.crookWood":4,"stat.mineBlock.minecraft.redstone_torch":13,"stat.useItem.minecraft.iron_block":4,"stat.craftItem.exnihiloadscensio.hammerDiamond":93,"stat.craftItem.minecraft.tnt":2,"stat.craftItem.exnihiloadscensio.blockDust":63,"stat.pickup.exnihiloadscensio.blockDust":1924,"stat.craftItem.simplegenerators.lava_generator":9,"stat.pickup.enderio.blockCapBank":1,"stat.pickup.storagedrawers.basicDrawers":2,"stat.pickup.minecraft.quartz":150,"stat.useItem.excompressum.wooden_crucible":3,"stat.craftItem.extrautils2.trashcan":1,"stat.pickup.enderio.blockStirlingGenerator":5,"stat.breakItem.minecraft.iron_axe":3,"stat.useItem.bigreactors.reactorcontrolrod":5,"stat.pickup.minecraft.water_bucket":1,"stat.mineBlock.minecraft.leaves":12041,"stat.mineBlock.minecraft.piston":2,"stat.mineBlock.tconstruct.seared":74,"stat.mineBlock.tconstruct.casting":15,"stat.pickup.minecraft.lava_bucket":1,"stat.useItem.actuallyadditions.blockAtomicReconstructor":2,"stat.useItem.enderio.blockAlloySmelter":1,"stat.useItem.tconstruct.smeltery_controller":3,"stat.useItem.excompressum.auto_compressed_hammer":9,"stat.pickup.betterbuilderswands.wandIron":2}