{"stat.pickup.actuallyadditions.itemDust":483,"stat.drop.minecraft.redstone":27,"stat.craftItem.botania.lexicon":1,"stat.pickup.actuallyadditions.itemCrafterOnAStick":2,"stat.craftItem.excompressum.compressed_hammer_stone":6,"stat.useItem.rftools.sensor_block":3,"stat.pickup.tconstruct.faucet":3,"stat.useItem.harvestcraft.calamarirawItem":3,"stat.useItem.fluxnetworks.FluxPlug":1,"stat.drop.minecraft.coal_block":1,"stat.pickup.natura.nether_logs":7,"stat.pickup.minecraft.rotten_flesh":2,"stat.pickup.excompressum.compressed_block":5,"stat.useItem.enderio.blockEnchanter":2,"stat.craftItem.ironchest.BlockIronChest":1041,"stat.craftItem.bigreactors.reactorcasingcores":33,"stat.craftItem.minecraft.stone_axe":3,"stat.pickup.minecraft.bucket":12,"achievement.botania:flowerPickup":28,"stat.pickup.roots.oldRoot":14,"stat.useItem.minecraft.anvil":1,"stat.craftItem.minecraft.iron_shovel":1,"achievement.buildPickaxe":15,"stat.craftItem.bigreactors.reactorfuelrod":15,"stat.craftItem.storagedrawers.upgradeTemplate":2,"stat.craftItem.excompressum.compressed_hammer_diamond":28,"stat.pickup.extrautils2.spike_gold":4,"stat.mineBlock.minecraft.end_stone":190,"stat.craftItem.extrautils2.machine":9,"stat.useItem.actuallyadditions.blockBreaker":10,"stat.useItem.hatchery.pen":48,"stat.useItem.minecraft.iron_pickaxe":1698,"stat.craftItem.tp.diamond_cobblegen_block":4,"stat.pickup.excompressum.heavy_sieve":10,"stat.pickup.exnihiloadscensio.itemSeedAcacia":4,"stat.pickup.tconstruct.seared_glass":159,"stat.pickup.botania.pestleAndMortar":5,"stat.craftItem.minecraft.glass_pane":48,"stat.craftItem.actuallyadditions.blockLavaFactoryController":1,"stat.pickup.enderio.blockXPVacuum":1,"stat.useItem.quantumstorage.quantumtank":2,"stat.mineBlock.excompressum.auto_sieve":7,"stat.mineBlock.minecraft.sticky_piston":24,"stat.furnaceInteraction":466,"stat.useItem.chickens.spawn_egg":7,"stat.craftItem.quantumstorage.quantumtank":1,"stat.useItem.minecraft.end_stone":190,"stat.craftItem.actuallyadditions.itemCrystal":63,"stat.useItem.minecraft.fence":87,"stat.craftItem.botania.fertilizer":24,"stat.mineBlock.enderio.blockXPVacuum":1,"stat.craftItem.botania.pestleAndMortar":1,"stat.mineBlock.tp.diamond_cobblegen_block":6,"stat.useItem.enderio.blockExperienceObelisk":1,"stat.useItem.minecraft.flint_and_steel":27,"stat.mineBlock.minecraft.fence":1,"stat.useItem.minecraft.wheat_seeds":60,"stat.mineBlock.snad.snad":16,"stat.craftItem.draconicevolution.draconium_block":1,"stat.pickup.minecraft.emerald":12,"stat.useItem.integrateddynamics.menrilSapling":21,"stat.pickup.minecraft.lever":8,"stat.deaths":3,"stat.useItem.tconstruct.smeltery_io":53,"stat.pickup.minecraft.egg":838,"stat.craftItem.actuallyadditions.blockEmpowerer":1,"stat.craftItem.hatchery.manure_block":43,"stat.pickup.natura.nether_sapling":224,"stat.craftItem.enderio.itemMaterial":1400,"stat.craftItem.minecraft.iron_pickaxe":7,"stat.pickup.minecraft.glass_pane":32,"stat.pickup.draconicevolution.draconium_ingot":264,"stat.drop.minecraft.iron_ingot":2,"stat.craftItem.minecraft.repeater":2,"stat.chestOpened":814,"stat.useItem.actuallyadditions.blockEmpowerer":2,"stat.craftItem.minecraft.quartz_block":51,"stat.craftItem.actuallyadditions.itemCrafterOnAStick":1,"stat.pickup.minecraft.gold_nugget":93,"stat.useItem.snad.snad":64,"stat.craftItem.minecraft.coal":4171,"stat.pickup.exnihiloadscensio.itemOreNickel":431,"stat.mineBlock.chickenchunks.chickenChunkLoader":2,"stat.crouchOneCm":263990,"stat.craftItem.minecraft.diamond":1521,"stat.craftItem.minecraft.iron_ingot":4887,"stat.craftingTableInteraction":421,"stat.craftItem.enderio.blockSagMill":1,"stat.pickup.minecraft.repeater":1,"stat.craftItem.tconstruct.pattern":185,"stat.pickup.exnihiloadscensio.itemMaterial":289,"stat.mineBlock.tconstruct.smeltery_io":37,"stat.craftItem.betterbuilderswands.wandDiamond":8,"stat.craftItem.tconstruct.seared_glass":248,"stat.pickup.minecraft.dye":836,"stat.pickup.minecraft.planks":93,"stat.craftItem.rftools.sequencer_block":3,"stat.craftItem.tconstruct.seared_furnace_controller":1,"stat.pickup.bigreactors.reactorpowertaprf":2,"stat.craftItem.extrautils2.pipe":128,"stat.craftItem.randomthings.advancedItemCollector":3,"stat.pickup.exnihiloadscensio.itemSeedPotato":18,"stat.craftItem.enderio.itemMachinePart":77,"stat.mineBlock.enderio.blockCombustionGenerator":1,"stat.craftItem.charsetwrench.wrench":1,"stat.pickup.exnihiloadscensio.itemOreLead":387,"stat.pickup.minecraft.chicken":65,"stat.pickup.minecraft.end_stone":26,"stat.pickup.bigreactors.reactorcasing":15,"stat.pickup.minecraft.coal_block":9,"stat.craftItem.enderio.blockCapBank":1,"stat.craftItem.minecraft.bucket":19,"stat.craftItem.minecraft.planks":10632,"stat.pickup.torchmaster.mega_torch":13,"stat.useItem.integrateddynamics.menrilLog":1,"stat.craftItem.literalascension.climbing_rope":112,"stat.pickup.minecraft.book":26,"stat.pickup.integrateddynamics.menrilBerries":398,"stat.useItem.chickens.liquid_egg":1,"stat.pickup.minecraft.iron_door":1,"stat.mineBlock.natura.nether_leaves":148,"stat.mineBlock.storagedrawers.basicDrawers":8,"stat.craftItem.exnihiloadscensio.itemMaterial":281,"stat.pickup.extrautils2.pipe":234,"stat.mineBlock.integrateddynamics.menrilLogFilled":45,"stat.useItem.actuallyadditions.itemWorm":3,"stat.craftItem.minecraft.cobblestone":199,"draconicevolution.dust":5,"stat.useItem.rftools.crafter2":2,"stat.useItem.rftools.crafter3":1,"stat.mineBlock.darkutils.trap_move":82,"stat.useItem.enderio.itemLiquidConduit":134,"stat.useItem.quantumstorage.quantumdsu":40,"stat.mineBlock.minecraft.cobblestone":496,"stat.pickup.minecraft.flint":9,"stat.pickup.enderio.itemYetaWrench":2,"stat.useItem.enderio.blockCapBank":2,"stat.craftItem.minecraft.clock":2,"stat.drop.minecraft.cobblestone":1,"stat.useItem.exnihiloadscensio.crookWood":258,"stat.breakItem.minecraft.iron_pickaxe":5,"stat.craftItem.minecraft.furnace":105,"stat.pickup.tp.cobblegen_block":14,"stat.useItem.storagedrawers.basicDrawers":26,"stat.craftItem.bigreactors.ingotmetals":39,"stat.mineBlock.minecraft.clay":110,"stat.useItem.actuallyadditions.blockGiantChest":50,"stat.craftItem.actuallyadditions.itemMisc":214,"stat.useItem.excompressum.auto_hammer":9,"stat.useItem.minecraft.iron_door":2,"stat.craftItem.minecraft.iron_block":26,"stat.craftItem.minecraft.stonebrick":20,"stat.pickup.exnihiloadscensio.itemOreGold":1333,"stat.craftItem.excompressum.auto_compressed_hammer":10,"achievement.buildSword":7,"stat.killEntity.Squid":5,"stat.sprintOneCm":3889426,"stat.mineBlock.minecraft.stone_slab":2,"stat.pickup.immersiveengineering.tool":2,"integrateddynamics.meneglinDiscovery":488,"stat.craftItem.excompressum.wooden_crucible":3,"stat.mineBlock.extrautils2.compressedsand":532,"stat.pickup.minecraft.iron_block":770,"stat.craftItem.minecraft.dye":1354,"stat.pickup.minecraft.wheat":1308,"stat.pickup.exnihiloadscensio.itemSeedJungle":5,"stat.useItem.actuallyadditions.blockFurnaceDouble":4,"stat.mineBlock.tp.iron_cobblegen_block":4,"stat.craftItem.botania.altar":1,"stat.pickup.minecraft.obsidian":86,"stat.useItem.bigreactors.reactorfuelrod":15,"stat.pickup.simplegenerators.lava_generator_2":1,"stat.pickup.exnihiloadscensio.itemPebble":1500,"stat.craftItem.rftools.sensor_block":1,"stat.pickup.minecraft.coal":523,"stat.pickup.minecraft.iron_ingot":262,"stat.pickup.tconstruct.seared_tank":42,"stat.craftItem.minecraft.lever":8,"stat.useItem.exnihiloadscensio.itemSeedSugarcane":14,"stat.pickup.minecraft.gunpowder":2113,"stat.pickup.minecraft.dirt":478,"stat.useItem.ironchest.BlockIronChest":2,"stat.pickup.exnihiloadscensio.itemSeedSugarcane":14,"stat.craftItem.enderio.blockExperienceObelisk":1,"stat.pickup.minecraft.iron_axe":2,"stat.mineBlock.minecraft.torch":100,"stat.mineBlock.minecraft.red_flower":20,"stat.pickup.fluxnetworks.FluxPoint":1,"stat.craftItem.extrautils2.drum":2,"stat.craftItem.minecraft.comparator":4,"stat.mineBlock.excompressum.compressed_block":4,"stat.craftItem.enderio.blockFusedQuartz":21,"stat.pickup.enderio.blockCombustionGenerator":1,"stat.craftItem.extrautils2.compressedsand":346,"stat.pickup.natura.nether_berrybush_stingberry":53,"stat.craftItem.exnihiloadscensio.blockSieve":2,"stat.craftItem.extrautils2.wateringcan":1,"stat.useItem.excompressum.compressed_hammer_diamond":327,"stat.useItem.hatchery.chickenmanure":513,"stat.craftItem.tconstruct.smeltery_io":32,"stat.craftItem.bigreactors.reactoraccessport":2,"stat.craftItem.rftools.coalgenerator":2,"stat.useItem.enderio.itemRedstoneConduit":247,"stat.pickup.actuallyadditions.itemWorm":3,"stat.pickup.bigreactors.dustmetals":133,"stat.drop.minecraft.egg":6,"stat.useItem.minecraft.redstone_ore":21,"stat.craftItem.enderio.itemLiquidConduit":112,"stat.pickup.actuallyadditions.itemCoffeeSeed":20,"stat.mobKills":129,"stat.pickup.excompressum.wooden_crucible":3,"stat.pickup.minecraft.diamond":155,"stat.pickup.minecraft.beetroot_seeds":25,"stat.pickup.botania.specialFlower":3,"stat.drop.tconstruct.seared_tank":1,"stat.craftItem.rftools.machine_base":6,"stat.useItem.betterbuilderswands.wandIron":681,"stat.pickup.tp.diamond_cobblegen_block":6,"stat.pickup.enderio.itemPowerConduit":248,"stat.pickup.simplegenerators.lava_generator":9,"stat.killEntity.Blaze":44,"stat.pickup.tp.QuartzDust":18,"stat.useItem.rftools.coalgenerator":2,"stat.pickup.harvestcraft.calamarirawItem":5,"stat.pickup.minecraft.glowstone_dust":599,"stat.pickup.enderio.itemRedstoneConduit":133,"stat.craftItem.moreshears.diamondShears":3,"stat.craftItem.tconstruct.casting":24,"stat.useItem.exnihiloadscensio.blockCrucible":38,"stat.mineBlock.simplegenerators.lava_generator":2,"stat.mineBlock.minecraft.sand":3,"stat.pickup.actuallyadditions.itemFlaxSeed":18,"stat.useItem.minecraft.fence_gate":2,"stat.pickup.darkutils.shulker_pearl":3118,"stat.mineBlock.bigreactors.reactorpowertaprf":2,"stat.useItem.excompressum.heavy_sieve":11,"stat.pickup.minecraft.ghast_tear":5,"stat.craftItem.actuallyadditions.itemChestObsidian":1,"stat.craftItem.refinedstorage.silicon":3,"stat.drop.minecraft.diamond_block":1,"stat.craftItem.exnihiloadscensio.itemOreIron":297,"stat.pickup.hatchery.pen":13,"stat.useItem.extrautils2.pipe":216,"stat.pickup.extrautils2.compressedsand":148,"stat.pickup.actuallyadditions.blockTestifiBucksGreenWall":15,"stat.craftItem.randomthings.itemCollector":3,"stat.mineBlock.tconstruct.seared_glass":160,"stat.pickup.minecraft.stone_stairs":3,"stat.useItem.botania.petal":15,"stat.craftItem.minecraft.fence_gate":3,"stat.pickup.minecraft.pumpkin_seeds":9,"stat.mineBlock.exnihiloadscensio.blockCrucible":20,"stat.pickup.minecraft.blaze_rod":308,"stat.pickup.minecraft.netherrack":42,"stat.craftItem.darkutils.trap_move":240,"stat.pickup.exnihiloadscensio.itemMesh":21,"stat.pickup.tconstruct.casting":59,"stat.pickup.extrautils2.flattransfernode":122,"stat.useItem.actuallyadditions.blockLavaFactoryController":1,"stat.breakItem.excompressum.compressed_crook":11,"stat.craftItem.minecraft.flint":37,"stat.pickup.exnihiloadscensio.blockCrucible":20,"stat.pickup.simplecorn.kernels":7,"stat.useItem.excompressum.auto_compressor":48,"stat.craftItem.minecraft.iron_hoe":2,"stat.useItem.extrautils2.trashcan":5,"stat.drop.minecraft.stone":3,"stat.pickup.excompressum.compressed_crook":2,"stat.pickup.minecraft.melon_seeds":9,"stat.mineBlock.excompressum.auto_compressed_hammer":10,"stat.craftItem.actuallyadditions.itemHelmObsidian":1,"stat.pickup.mysticalagriculture.prosperity_shard":183,"stat.useItem.bigreactors.reactoraccessport":5,"stat.craftItem.actuallyadditions.blockDisplayStand":5,"stat.useItem.minecraft.furnace":3,"stat.pickup.exnihiloadscensio.itemSeedDarkOak":6,"stat.pickup.excompressum.wood_chippings":286,"stat.craftItem.tconstruct.materials":256,"stat.useItem.excompressum.compressed_crook":7285,"stat.mineBlock.minecraft.snow":3,"stat.mineBlock.minecraft.gravel":12,"stat.breakItem.minecraft.stone_axe":2,"stat.mineBlock.natura.nether_logs":7,"stat.craftItem.rftools.machine_frame":13,"stat.pickup.minecraft.flint_and_steel":2,"stat.useItem.minecraft.torch":499,"stat.craftItem.minecraft.redstone_block":12,"stat.craftItem.minecraft.stone_stairs":56,"stat.pickup.minecraft.crafting_table":3,"stat.useItem.minecraft.log":2,"stat.craftItem.minecraft.crafting_table":100,"stat.pickup.extrautils2.grocket":50,"stat.pickup.minecraft.redstone_block":128,"stat.pickup.rftools.crafter3":1,"stat.pickup.rftools.crafter2":2,"stat.pickup.tp.FleshBlock":7,"stat.useItem.actuallyadditions.itemChestToCrateUpgrade":6,"stat.craftItem.minecraft.stone_button":19,"stat.pickup.minecraft.sapling":1199,"stat.pickup.exnihiloadscensio.itemOreCopper":138,"stat.pickup.integrateddynamics.menrilLog":488,"stat.craftItem.actuallyadditions.itemBattery":2,"stat.craftItem.bigreactors.reactorcontroller":1,"stat.pickup.actuallyadditions.itemMisc":2,"stat.craftItem.minicoal.miniCharcoal":632,"stat.useItem.enderio.itemItemConduit":472,"stat.craftItem.enderio.blockAlloySmelter":1,"stat.mineBlock.exnihiloadscensio.blockDust":7,"stat.pickup.actuallyadditions.blockGiantChest":23,"stat.pickup.extrautils2.trashcan":2,"draconicevolution.manual":1,"ftbl.stat.first_joined":{"value":0,"progress":1500045958946},"stat.craftItem.hatchery.pen":38,"stat.craftItem.minecraft.sugar":80,"stat.mineBlock.extrautils2.compressedgravel":220,"stat.pickup.minecraft.stone_slab":4,"stat.pickup.actuallyadditions.itemRiceSeed":70,"stat.pickup.minecraft.yellow_flower":12,"stat.drop.minecraft.stone_pickaxe":1,"stat.craftItem.exnihiloadscensio.itemDoll":44,"stat.pickup.actuallyadditions.itemCrystal":257,"stat.pickup.minecraft.bone":4,"stat.craftItem.minecraft.sticky_piston":13,"stat.craftItem.ceramics.unfired_clay":5,"stat.pickup.minecraft.redstone_torch":7,"stat.mineBlock.tconstruct.tinker_tank_controller":10,"stat.craftItem.simplegenerators.lava_generator_2":1,"stat.craftItem.minecraft.bone":198,"stat.useItem.enderstorage.enderStorage":25,"stat.craftItem.fluxnetworks.FluxCore":8,"stat.useItem.minecraft.diamond_sword":243,"stat.useItem.rftools.sequencer_block":3,"stat.climbOneCm":19530,"stat.craftItem.minecraft.gold_block":9,"stat.pickup.excompressum.auto_sieve":7,"stat.pickup.lootbags.itemlootbag":3,"stat.useItem.fluxnetworks.FluxPoint":1,"stat.craftItem.minecraft.bone_block":12,"stat.breakItem.woodenshears.wshears":53,"stat.pickup.minecraft.anvil":1,"stat.craftItem.enderio.itemYetaWrench":1,"stat.craftItem.minecraft.stone_pickaxe":1,"stat.craftItem.actuallyadditions.blockPlacer":2,"stat.pickup.minecraft.cobblestone":2008,"stat.craftItem.actuallyadditions.blockBreaker":7,"stat.pickup.minecraft.soul_sand":507,"stat.craftItem.extrautils2.compresseddirt":37,"stat.pickup.minecraft.redstone":602,"stat.craftItem.minecraft.book":65,"stat.drop.minecraft.coal":11,"stat.craftItem.enderio.itemXpTransfer":3,"stat.pickup.integrateddynamics.menrilSapling":88,"stat.craftItem.tconstruct.soil":256,"stat.pickup.tconstruct.smeltery_controller":1,"stat.pickup.exnihiloadscensio.itemOreSilver":174,"stat.craftItem.enderio.blockCombustionGenerator":1,"stat.pickup.botania.petal":6,"stat.pickup.minecraft.paper":3,"stat.craftItem.minecraft.stick":1992,"stat.craftItem.minecraft.gold_nugget":557,"stat.useItem.excompressum.compressed_hammer_stone":785,"stat.pickup.botania.flower":28,"stat.breakItem.minecraft.shears":28,"stat.mineBlock.minecraft.planks":48,"stat.useItem.extrautils2.compressedsand":532,"stat.drop":66,"stat.useItem.tp.diamond_cobblegen_block":6,"stat.craftItem.enderio.itemExtractSpeedUpgrade":15,"stat.useItem.tconstruct.seared":338,"stat.craftItem.extrautils2.flattransfernode":104,"stat.useItem.natura.nether_sapling":1,"stat.pickup.integrateddynamics.menrilLeaves":75,"stat.craftItem.actuallyadditions.blockFluidCollector":2,"stat.pickup.enderio.itemMaterial":60,"stat.craftItem.minecraft.piston":84,"stat.useItem.exnihiloadscensio.itemMaterial":26,"stat.useItem.extrautils2.machine":6,"stat.craftItem.rftools.timer_block":2,"stat.useItem.minecraft.apple":146,"stat.pickup.excompressum.auto_heavy_sieve":9,"stat.pickup.minecraft.fence":1,"stat.useItem.botania.altar":1,"stat.pickup.botania.blazeBlock":5,"stat.useItem.minecraft.stone_axe":389,"stat.pickup.exnihiloadscensio.itemOreAluminium":104,"stat.craftItem.exnihiloadscensio.blockEndstoneCrushed":72,"stat.pickup.tconstruct.tinker_tank_controller":7,"stat.useItem.tconstruct.tinker_tank_controller":11,"stat.useItem.chickenchunks.chickenChunkLoader":3,"stat.craftItem.excompressum.auto_hammer":2,"stat.craftItem.minecraft.flint_and_steel":1,"stat.pickup.exnihiloadscensio.hammerStone":1,"stat.mineBlock.minecraft.stone_stairs":3,"stat.craftItem.minecraft.iron_bars":304,"stat.drop.minecraft.water_bucket":1,"stat.craftItem.storagedrawers.basicDrawers":39,"stat.pickup.minecraft.emerald_block":1,"stat.damageDealt":13338,"stat.pickup.snad.snad":15,"stat.craftItem.minecraft.bowl":8,"stat.craftItem.minecraft.anvil":2,"stat.useItem.minecraft.crafting_table":4,"stat.craftItem.minecraft.gravel":135,"stat.pickup.botania.doubleFlower2":9,"stat.pickup.botania.doubleFlower1":7,"stat.craftItem.immersiveengineering.storage":53,"stat.craftItem.enderio.itemBasicCapacitor":89,"stat.pickup.ceramics.clay_bucket":4,"stat.pickup.minecraft.stick":161,"achievement.enchantments":5,"stat.pickup.immersiveengineering.storage":1759,"ftbl.stat.last_seen":{"value":0,"progress":1504110535507},"stat.drop.minecraft.iron_block":4,"stat.craftItem.minecraft.writable_book":59,"stat.useItem.botania.specialFlower":3,"stat.useItem.bigreactors.reactorcontroller":2,"stat.craftItem.minecraft.redstone":1944,"stat.useItem.torchmaster.mega_torch":18,"stat.killEntity.Chicken":1,"stat.useItem.literalascension.climbing_rope":53,"stat.pickup.exnihiloadscensio.crookWood":4,"stat.useItem.minecraft.iron_block":6,"stat.craftItem.minecraft.tnt":2,"stat.craftItem.exnihiloadscensio.blockDust":72,"stat.craftItem.minecraft.fence":168,"stat.pickup.enderio.blockStirlingGenerator":5,"stat.mineBlock.minecraft.leaves":24647,"stat.pickup.natura.nether_berrybush_duskberry":56,"stat.mineBlock.minecraft.piston":10,"stat.mineBlock.tconstruct.seared":314,"stat.pickup.actuallyadditions.itemPantsObsidian":1,"stat.useItem.enderio.blockAlloySmelter":1,"stat.craftItem.minecraft.rotten_flesh":1392,"stat.pickup.actuallyadditions.blockAtomicReconstructor":1,"stat.pickup.minecraft.wooden_slab":2,"stat.pickup.draconicevolution.draconium_dust":5,"stat.leaveGame":43,"stat.craftItem.fluxnetworks.FluxPlug":1,"stat.craftItem.actuallyadditions.itemBootsObsidian":1,"stat.useItem.minecraft.glowstone":2,"stat.craftItem.minecraft.ender_eye":2,"stat.killEntity.PigZombie":5,"stat.craftItem.chesttransporter.chesttransporter_obsidian":1,"stat.craftItem.storagedrawers.drawerKey":1,"stat.mineBlock.gravestone.gravestone":3,"stat.craftItem.exnihiloadscensio.itemOreGold":94,"stat.pickup.enderio.itemExtractSpeedUpgrade":15,"stat.craftItem.exnihiloadscensio.blockBarrel1":7,"stat.craftItem.exnihiloadscensio.blockBarrel0":9,"stat.craftItem.botania.blazeBlock":1,"stat.useItem.storagedrawers.compDrawers":19,"stat.mineBlock.integrateddynamics.menrilTorch":1,"stat.craftItem.actuallyadditions.blockAtomicReconstructor":1,"stat.craftItem.excompressum.auto_compressor":22,"stat.craftItem.minecraft.iron_door":3,"stat.useItem.minecraft.iron_shovel":3,"stat.craftItem.actuallyadditions.itemDisenchantingLens":1,"stat.mineBlock.excompressum.auto_hammer":7,"stat.craftItem.tp.iron_cobblegen_block":4,"stat.mineBlock.botania.flower":28,"stat.pickup.exnihiloadscensio.hammerDiamond":4,"stat.craftItem.exnihiloadscensio.itemMesh":14,"stat.craftItem.excompressum.compressed_crook":9,"stat.useItem.moreshears.diamondShears":1914,"stat.craftItem.extrautils2.spike_gold":4,"stat.craftItem.tp.emerald_cobblegen_block":4,"stat.mineBlock.rftools.sensor_block":2,"stat.useItem.extrautils2.spike_gold":12,"achievement.openInventory":4029,"stat.craftItem.actuallyadditions.blockMisc":213,"stat.pickup.tconstruct.smeltery_io":37,"stat.pickup.tp.iron_cobblegen_block":4,"stat.pickup.exnihiloadscensio.itemSeedOak":2,"stat.pickup.bigreactors.reactoraccessport":3,"stat.drop.actuallyadditions.itemMisc":1,"stat.useItem.minecraft.dye":1266,"stat.useItem.enderio.itemPowerConduit":331,"stat.pickup.natura.nether_berrybush_skyberry":48,"stat.craftItem.immersiveengineering.metal":393,"stat.mineBlock.minecraft.tallgrass":172,"stat.pickup.tconstruct.seared":428,"stat.mineBlock.ironchest.BlockIronChest":2,"stat.craftItem.minecraft.light_weighted_pressure_plate":2,"stat.useItem.minecraft.stone":5,"stat.pickup.extrautils2.compressedcobblestone":1,"stat.useItem.tp.cobblegen_block":34,"stat.useItem.minecraft.clay":110,"stat.craftItem.excompressum.auto_heavy_sieve":5,"stat.pickup.tconstruct.cast_custom":4,"stat.mineBlock.minecraft.chest":23,"stat.pickup.exnihiloadscensio.itemOreArdite":2,"stat.craftItem.enderio.itemBasicFilterUpgrade":90,"stat.craftItem.rftools.rftools_manual":1,"stat.craftItem.minecraft.hopper":83,"stat.mineBlock.integrateddynamics.menrilLog":443,"stat.mineBlock.exnihiloadscensio.blockBarrel1":8,"stat.mineBlock.exnihiloadscensio.blockBarrel0":17,"stat.pickup.actuallyadditions.blockCrystal":20,"stat.pickup.excompressum.auto_compressor":26,"stat.useItem.minecraft.reeds":49,"stat.pickup.ironchest.BlockIronChest":53,"stat.useItem.exnihiloadscensio.hammerDiamond":424,"stat.pickup.minecraft.wheat_seeds":1076,"stat.pickup.enderio.itemAlloy":20,"stat.mineBlock.minecraft.dirt":16,"stat.pickup.immersiveengineering.seed":5,"stat.useItem.minecraft.cobblestone":1760,"stat.useItem.minecraft.gravel":12,"stat.pickup.hatchery.nest":2,"stat.useItem.tp.emerald_cobblegen_block":4,"stat.pickup.actuallyadditions.blockEmpowerer":1,"stat.pickup.minecraft.iron_pickaxe":2,"stat.craftItem.minecraft.gold_ingot":3006,"stat.pickup.minecraft.hopper":3,"stat.craftItem.chisel.chisel_iron":1,"stat.craftItem.integrateddynamics.menrilTorch":36,"stat.pickup.minecraft.apple":126,"stat.craftItem.immersiveengineering.tool":1,"achievement.portal":20,"stat.pickup.extrautils2.filter":25,"stat.mineBlock.excompressum.auto_compressor":26,"stat.pickup.actuallyadditions.blockFluidCollector":2,"stat.useItem.excompressum.compressed_block":4,"stat.craftItem.fluxnetworks.FluxBlock":1,"stat.useItem.actuallyadditions.blockMisc":4,"stat.mineBlock.minecraft.log":2391,"stat.breakItem.moreshears.diamondShears":2,"stat.useItem.integrateddynamics.menrilBerries":262,"achievement.acquireIron":210,"stat.craftItem.minecraft.paper":519,"stat.pickup.minecraft.red_flower":25,"stat.useItem.minecraft.wooden_axe":180,"stat.craftItem.tconstruct.tinker_tank_controller":4,"stat.craftItem.excompressum.auto_sieve":2,"stat.pickup.exnihiloadscensio.blockBarrel0":16,"stat.pickup.exnihiloadscensio.blockBarrel1":8,"stat.useItem.minecraft.iron_axe":1961,"stat.mineBlock.minecraft.yellow_flower":12,"stat.useItem.integrateddynamics.menrilTorch":1,"achievement.actuallyadditions.getCrystalsMilestone":{"value":0,"progress":["19"]},"stat.craftItem.minecraft.wool":68,"stat.pickup.minecraft.enchanted_book":7,"achievement.buildWorkBench":186,"stat.craftItem.chickens.henhouse":2,"stat.pickup.minecraft.sticky_piston":20,"stat.useItem.minecraft.obsidian":12,"stat.pickup.integrateddynamics.menrilTorch":1,"stat.craftItem.tp.FleshBlock":1,"stat.useItem.minecraft.egg":22,"stat.mineBlock.minecraft.obsidian":2,"stat.pickup.actuallyadditions.blockMisc":4,"stat.flyOneCm":113485,"stat.useItem.extrautils2.compressedgravel":220,"stat.craftItem.extrautils2.grocket":48,"stat.craftItem.enderstorage.enderStorage":23,"stat.craftItem.botania.dye":62,"stat.pickup.excompressum.auto_hammer":7,"stat.timeSinceDeath":3350985,"stat.useItem.exnihiloadscensio.blockDust":7,"stat.useItem.actuallyadditions.blockPlacer":2,"stat.pickup.hatchery.chickenmanure":149,"stat.pickup.bigreactors.reactorcontroller":1,"stat.mineBlock.enderio.blockCapBank":1,"stat.craftItem.tconstruct.seared":46,"stat.pickup.minecraft.nether_wart":56,"stat.craftItem.bigreactors.reactorpowertaprf":2,"stat.useItem.simplegenerators.lava_generator":2,"stat.pickup.minecraft.string":760,"stat.useItem.bigreactors.reactorpowertaprf":4,"stat.useItem.enderio.blockXPVacuum":2,"stat.mineBlock.minecraft.ladder":5,"stat.craftItem.excompressum.heavy_sieve":10,"stat.craftItem.tconstruct.tooltables":2,"stat.breakItem.excompressum.compressed_hammer_stone":3,"stat.craftItem.minecraft.wooden_axe":3,"stat.mineBlock.extrautils2.machine":4,"stat.craftItem.randomthings.itemFilter":2,"stat.pickup.exnihiloadscensio.itemOreCobalt":1,"stat.craftItem.chickenchunks.chickenChunkLoader":12,"stat.mineBlock.integrateddynamics.menrilLeaves":1296,"stat.useItem.ceramics.clay_bucket":3,"stat.useItem.tconstruct.seared_tank":42,"achievement.killEnemy":51,"stat.craftItem.minecraft.golden_sword":3,"stat.pickup.enderio.itemBasicFilterUpgrade":13,"stat.useItem.minecraft.ladder":5,"stat.mineBlock.extrautils2.spike_gold":8,"stat.pickup.enderstorage.enderStorage":8,"stat.pickup.minecraft.snowball":12,"stat.diveOneCm":965,"stat.pickup.extrautils2.machine":4,"stat.useItem.minecraft.sticky_piston":33,"stat.craftItem.minecraft.ladder":6,"achievement.buildHoe":3,"stat.mineBlock.minecraft.stone_button":7,"stat.useItem.randomthings.advancedItemCollector":3,"stat.useItem.simplegenerators.lava_generator_2":1,"achievement.simplegenerators.craft_lava_gen":9,"stat.useItem.woodenshears.wshears":2049,"stat.craftItem.minecraft.diamond_sword":1,"stat.jump":4687,"stat.useItem.minecraft.sand":3,"stat.useItem.enderio.blockCombustionGenerator":1,"stat.craftItem.actuallyadditions.blockGiantChest":95,"stat.craftItem.minecraft.torch":552,"stat.craftItem.actuallyadditions.blockFurnaceDouble":2,"stat.mineBlock.excompressum.wooden_crucible":3,"stat.useItem.minecraft.sapling":154,"achievement.blazeRod":55,"stat.damageTaken":4146,"stat.mineBlock.torchmaster.mega_torch":14,"stat.pickup.immersiveengineering.metal":31,"stat.mineBlock.minecraft.sapling":2,"stat.craftItem.hatchery.animalnet":1,"stat.useItem.excompressum.auto_heavy_sieve":12,"stat.pickup.enderio.blockEnchanter":1,"stat.drop.botania.petal":4,"stat.craftItem.minecraft.stone_slab":72,"stat.pickup.hatchery.hatcheryegg":13,"stat.useItem.immersiveengineering.storage":18,"stat.animalsBred":17,"stat.useItem.minecraft.chest":40,"stat.mineBlock.integrateddynamics.menrilSapling":4,"stat.craftItem.enderio.itemAlloy":251,"stat.useItem.tconstruct.faucet":8,"stat.craftItem.actuallyadditions.itemPantsObsidian":1,"stat.pickup.minecraft.ender_pearl":113,"stat.pickup.minecraft.ladder":5,"stat.useItem.minecraft.netherrack":38,"stat.craftItem.bigreactors.blockmetals":20,"stat.craftItem.enderio.blockTank":2,"stat.useItem.hatchery.fertilized_dirt":1,"stat.craftItem.draconicevolution.info_tablet":1,"stat.mineBlock.minecraft.glowstone":2,"stat.pickup.exnihiloadscensio.blockEndstoneCrushed":212,"stat.craftItem.minecraft.shears":29,"stat.mineBlock.enderstorage.enderStorage":8,"stat.pickup.minecraft.torch":193,"stat.pickup.rftools.coalgenerator":1,"stat.mineBlock.tp.cobblegen_block":14,"stat.breakItem.exnihiloadscensio.crookWood":2,"stat.craftItem.actuallyadditions.itemChestToCrateUpgrade":6,"stat.craftItem.enderio.blockStirlingGenerator":3,"stat.pickup.integrateddynamics.crystalizedMenrilChunk":101,"stat.mineBlock.tconstruct.seared_tank":40,"stat.craftItem.minecraft.iron_axe":9,"stat.pickup.minecraft.lapis_block":64,"stat.mineBlock.extrautils2.compressedcobblestone":360,"stat.useItem.minecraft.planks":250,"stat.pickup.minecraft.blaze_powder":459,"stat.pickup.minecraft.glass":569,"stat.pickup.actuallyadditions.blockBreaker":4,"stat.craftItem.bigreactors.reactorcontrolrod":5,"stat.craftItem.hatchery.nest":44,"stat.mineBlock.bigreactors.reactoraccessport":3,"stat.useItem.minecraft.water_bucket":59,"stat.pickup.minecraft.sand":2805,"stat.pickup.darkutils.trap_move":82,"stat.craftItem.minicoal.miniCoal":2312,"stat.craftItem.exnihiloadscensio.blockCrucible":40,"achievement.diamonds":48,"stat.craftItem.actuallyadditions.itemCrystalEmpowered":9,"achievement.buildBetterPickaxe":15,"stat.pickup.actuallyadditions.itemBooklet":1,"stat.craftItem.minecraft.blaze_powder":225,"stat.craftItem.minecraft.hardened_clay":1,"stat.craftItem.bigreactors.reactorcasing":132,"stat.pickup.actuallyadditions.blockTestifiBucksWhiteWall":15,"stat.mineBlock.botania.doubleFlower2":9,"stat.mineBlock.botania.doubleFlower1":7,"stat.craftItem.minecraft.ender_pearl":353,"stat.useItem.minecraft.redstone":17,"achievement.mineWood":314,"stat.mineBlock.excompressum.auto_heavy_sieve":7,"stat.useItem.minecraft.stone_stairs":24,"stat.pickup.enderio.itemPowderIngot":71,"stat.craftItem.chickens.colored_egg":4,"stat.useItem.tconstruct.seared_glass":335,"stat.mineBlock.rftools.crafter3":1,"stat.mineBlock.rftools.crafter2":2,"stat.craftItem.minecraft.sand":4641,"stat.craftItem.moarsigns.moar_sign":3,"stat.craftItem.minecraft.heavy_weighted_pressure_plate":26,"stat.useItem.rftools.timer_block":4,"stat.useItem.hatchery.animalnet":309,"stat.playOneMinute":4291678,"stat.useItem.exnihiloadscensio.hammerStone":120,"stat.pickup.minecraft.diamond_block":6,"stat.useItem.minecraft.shears":3411,"stat.pickup.quantumstorage.quantumtank":1,"stat.useItem.tp.iron_cobblegen_block":4,"stat.pickup.natura.overworld_seeds":4,"stat.mineBlock.simplegenerators.lava_generator_2":1,"stat.craftItem.tp.cobblegen_block":27,"stat.mineBlock.minecraft.netherrack":22,"stat.pickup.exnihiloadscensio.itemSeedBirch":5,"stat.craftItem.snad.snad":49,"stat.mineBlock.tconstruct.faucet":3,"stat.fallOneCm":109534,"stat.drop.minecraft.dye":1,"stat.mineBlock.enderio.blockStirlingGenerator":5,"stat.useItem.bigreactors.reactorcasing":103,"stat.craftItem.minecraft.chest":882,"stat.mineBlock.minecraft.lever":5,"stat.useItem.minecraft.iron_hoe":89,"stat.craftItem.hatchery.fertilized_dirt":1,"stat.pickup.minecraft.feather":29,"stat.useItem.minecraft.stone_pickaxe":130,"stat.craftItem.tconstruct.seared_tank":4,"stat.pickup.literalascension.climbing_rope":27,"stat.pickup.enderio.itemItemConduit":203,"stat.useItem.extrautils2.grocket":55,"stat.craftItem.extrautils2.compressedgravel":371,"stat.mineBlock.enderio.blockConduitBundle":190,"stat.craftItem.extrautils2.filter":17,"stat.craftItem.ceramics.clay_bucket":5,"stat.pickup.minecraft.log":1418,"stat.craftItem.betterbuilderswands.wandStone":3,"stat.craftItem.exnihiloadscensio.itemOreCopper":14,"stat.mineBlock.minecraft.iron_block":6,"stat.craftItem.tconstruct.smeltery_controller":2,"stat.craftItem.enderio.itemItemConduit":392,"stat.pickup.quantumstorage.quantumdsu":18,"stat.useItem.hatchery.nest":8,"stat.craftItem.hatchery.chickenmanure":387,"stat.pickup.actuallyadditions.blockDisplayStand":1,"stat.craftItem.woodenshears.wshears":54,"stat.sneakTime":129394,"stat.mineBlock.hatchery.nest":2,"stat.pickup.minecraft.chest":23,"stat.craftItem.minecraft.enchanting_table":3,"stat.mineBlock.bigreactors.reactorcasing":15,"stat.useItem.actuallyadditions.blockDisplayStand":5,"stat.useItem.minecraft.repeater":2,"stat.craftItem.botania.petal":98,"stat.craftItem.tconstruct.faucet":6,"stat.craftItem.rftools.crafter2":2,"stat.craftItem.rftools.crafter1":2,"stat.craftItem.rftools.crafter3":1,"stat.craftItem.extrautils2.compressedcobblestone":368,"stat.useItem.botania.blazeBlock":23,"stat.craftItem.enderio.blockXPVacuum":1,"stat.swimOneCm":5670,"stat.useItem.minecraft.dirt":182,"achievement.exploreAllBiomes":{"value":0,"progress":["Plains","Extreme Hills","Hell"]},"stat.useItem.botania.fertilizer":14,"stat.pickup.roots.verdantSprig":1,"stat.pickup.excompressum.compressed_hammer_diamond":23,"stat.useItem.storagedrawers.controller":1,"stat.pickup.minecraft.gold_block":397,"stat.useItem.hatchery.hatcheryegg":36,"stat.useItem.exnihiloadscensio.blockBarrel0":25,"stat.pickup.minecraft.clay":24,"stat.useItem.exnihiloadscensio.blockBarrel1":15,"stat.useItem.actuallyadditions.blockFluidCollector":4,"stat.pickup.rftools.timer_block":2,"stat.drop.minecraft.wheat_seeds":1,"stat.craftItem.minecraft.wooden_slab":18,"stat.pickup.extrautils2.compressedgravel":1,"stat.pickup.actuallyadditions.itemFood":76,"stat.mineBlock.bigreactors.reactorcontroller":1,"stat.craftItem.tp.blaze_cobblegen_block":4,"stat.craftItem.torchmaster.mega_torch":11,"stat.useItem.minecraft.lever":15,"stat.useItem.enderio.blockSagMill":1,"stat.pickup.minecraft.stonebrick":3,"stat.mineBlock.extrautils2.trashcan":2,"stat.useItem.enderio.blockStirlingGenerator":8,"stat.pickup.natura.nether_berrybush_blightberry":54,"stat.craftItem.enderio.blockEnchanter":1,"stat.craftItem.actuallyadditions.itemBatteryDouble":1,"stat.pickup.enderio.itemLiquidConduit":71,"stat.craftItem.enderio.itemRedstoneConduit":144,"stat.useItem.minecraft.stone_slab":11,"stat.mineBlock.botania.blazeBlock":5,"stat.craftItem.minecraft.stone":449,"stat.useItem.tconstruct.casting":81,"stat.mineBlock.minecraft.crafting_table":3,"stat.craftItem.betterbuilderswands.wandIron":15,"stat.useItem.minecraft.diamond_pickaxe":131,"stat.pickup.excompressum.auto_compressed_hammer":10,"achievement.buildFurnace":16,"stat.pickup.minecraft.stone_button":7,"stat.craftItem.minecraft.diamond_pickaxe":1,"stat.mineBlock.enderio.blockEnchanter":1,"stat.pickup.actuallyadditions.blockFurnaceDouble":2,"stat.useItem.excompressum.auto_sieve":8,"stat.craftItem.exnihiloadscensio.hammerStone":55,"stat.mineBlock.exnihiloadscensio.blockInfestedLeaves":824,"stat.pickup.minecraft.gravel":3702,"stat.useItem.extrautils2.compressedcobblestone":360,"stat.pickup.exnihiloadscensio.itemSeedSpruce":1,"stat.mineBlock.tconstruct.smeltery_controller":1,"stat.craftItem.fluxnetworks.FluxPoint":1,"stat.pickup.chickenchunks.chickenChunkLoader":2,"stat.breakItem.minecraft.wooden_axe":3,"stat.mineBlock.quantumstorage.quantumdsu":4,"stat.craftItem.enderio.itemPowerConduit":448,"stat.useItem.tconstruct.tooltables":2,"stat.useItem.minecraft.piston":14,"stat.useItem.actuallyadditions.itemRiceSeed":20,"stat.useItem.minecraft.stone_button":13,"stat.useItem.bigreactors.blockmetals":12,"stat.pickup.actuallyadditions.itemCanolaSeed":21,"stat.useItem.betterbuilderswands.wandStone":90,"stat.useItem.chickens.henhouse":2,"stat.pickup.minecraft.leaves":3927,"stat.craftItem.exnihiloadscensio.crookWood":43,"stat.pickup.minecraft.reeds":794,"stat.pickup.exnihiloadscensio.itemOreIron":614,"stat.pickup.tconstruct.materials":68,"stat.craftItem.storagedrawers.controller":1,"stat.craftItem.minecraft.glass":1126,"stat.pickup.exnihiloadscensio.itemSeedCarrot":25,"stat.craftItem.minecraft.cauldron":10,"stat.mineBlock.excompressum.heavy_sieve":7,"stat.pickup.minecraft.piston":8,"stat.walkOneCm":11168736,"stat.craftItem.excompressum.compressed_block":390,"stat.craftItem.quantumstorage.quantumdsu":64,"stat.pickup.minecraft.clay_ball":442,"stat.craftItem.storagedrawers.compDrawers":19,"stat.mineBlock.rftools.timer_block":3,"stat.pickup.mysticalagriculture.inferium_essence":14,"stat.mineBlock.hatchery.pen":13,"stat.useItem.betterbuilderswands.wandDiamond":229,"stat.pickup.minecraft.stone":30,"stat.craftItem.minecraft.hay_block":137,"stat.useItem.minecraft.leaves":6,"stat.pickup.minecraft.gold_ingot":103,"stat.mineBlock.rftools.coalgenerator":1,"stat.mineBlock.botania.specialFlower":1,"stat.mineBlock.minecraft.redstone_torch":13,"stat.killEntity.Spider":2,"stat.craftItem.exnihiloadscensio.hammerDiamond":257,"stat.pickup.exnihiloadscensio.blockDust":4271,"stat.craftItem.simplegenerators.lava_generator":9,"stat.pickup.enderio.blockCapBank":1,"stat.pickup.storagedrawers.basicDrawers":8,"stat.pickup.minecraft.quartz":232,"stat.useItem.excompressum.wooden_crucible":3,"stat.craftItem.extrautils2.trashcan":3,"stat.breakItem.minecraft.iron_axe":7,"stat.useItem.bigreactors.reactorcontrolrod":5,"stat.pickup.minecraft.water_bucket":1,"stat.mineBlock.tconstruct.casting":59,"stat.pickup.minecraft.lava_bucket":1,"stat.useItem.actuallyadditions.blockAtomicReconstructor":2,"stat.craftItem.minecraft.coal_block":1,"stat.useItem.tconstruct.smeltery_controller":3,"stat.useItem.excompressum.auto_compressed_hammer":19,"stat.pickup.betterbuilderswands.wandIron":2,"stat.useItem.darkutils.trap_move":210}