{"stat.pickup.actuallyadditions.blockAtomicReconstructor":1,"stat.pickup.actuallyadditions.itemDust":115,"stat.craftItem.enderio.blockStirlingGenerator":3,"stat.pickup.minecraft.wooden_slab":2,"stat.leaveGame":9,"stat.pickup.enderio.itemPowerConduit":9,"stat.craftItem.excompressum.compressed_hammer_stone":6,"stat.mineBlock.extrautils2.compressedcobblestone":360,"stat.useItem.minecraft.planks":203,"stat.useItem.rftools.coalgenerator":2,"stat.pickup.minecraft.glowstone_dust":114,"stat.pickup.minecraft.blaze_powder":87,"stat.pickup.minecraft.glass":30,"stat.craftItem.exnihiloadscensio.itemOreGold":94,"stat.pickup.minecraft.sand":1983,"stat.pickup.excompressum.compressed_block":4,"stat.craftItem.ironchest.BlockIronChest":1,"stat.craftItem.minicoal.miniCoal":264,"stat.craftItem.minecraft.stone_axe":3,"stat.craftItem.exnihiloadscensio.blockCrucible":2,"achievement.diamonds":11,"stat.useItem.exnihiloadscensio.blockCrucible":3,"achievement.buildPickaxe":1,"stat.craftItem.exnihiloadscensio.blockBarrel1":3,"stat.craftItem.exnihiloadscensio.blockBarrel0":9,"stat.craftItem.excompressum.compressed_hammer_diamond":1,"stat.pickup.actuallyadditions.itemFlaxSeed":18,"achievement.buildBetterPickaxe":1,"stat.pickup.actuallyadditions.itemBooklet":1,"stat.craftItem.extrautils2.machine":7,"stat.craftItem.actuallyadditions.blockAtomicReconstructor":1,"stat.craftItem.excompressum.auto_compressor":3,"stat.pickup.excompressum.heavy_sieve":6,"stat.pickup.exnihiloadscensio.itemSeedAcacia":4,"stat.useItem.excompressum.heavy_sieve":7,"stat.craftItem.minecraft.glass_pane":16,"stat.mineBlock.excompressum.auto_hammer":5,"stat.mineBlock.excompressum.auto_sieve":4,"stat.craftItem.tp.iron_cobblegen_block":1,"stat.furnaceInteraction":219,"stat.craftItem.exnihiloadscensio.itemOreIron":297,"stat.craftItem.exnihiloadscensio.itemMesh":7,"stat.craftItem.excompressum.compressed_crook":6,"stat.useItem.extrautils2.pipe":31,"stat.pickup.extrautils2.compressedsand":1,"achievement.mineWood":178,"stat.mineBlock.excompressum.auto_heavy_sieve":1,"stat.useItem.minecraft.stone_stairs":5,"achievement.openInventory":583,"stat.craftItem.actuallyadditions.blockMisc":5,"stat.useItem.minecraft.flint_and_steel":1,"stat.pickup.exnihiloadscensio.itemSeedOak":2,"stat.pickup.minecraft.pumpkin_seeds":9,"stat.craftItem.moarsigns.moar_sign":3,"stat.craftItem.minecraft.heavy_weighted_pressure_plate":6,"stat.mineBlock.exnihiloadscensio.blockCrucible":2,"stat.playOneMinute":534610,"stat.useItem.exnihiloadscensio.hammerStone":53,"stat.craftItem.enderio.itemMaterial":72,"stat.useItem.enderio.itemPowerConduit":40,"stat.useItem.tp.iron_cobblegen_block":1,"stat.craftItem.immersiveengineering.metal":40,"stat.pickup.minecraft.netherrack":3,"stat.pickup.exnihiloadscensio.itemMesh":10,"stat.chestOpened":22,"stat.craftItem.tp.cobblegen_block":5,"stat.mineBlock.minecraft.netherrack":1,"stat.pickup.extrautils2.flattransfernode":3,"stat.pickup.extrautils2.compressedcobblestone":1,"stat.useItem.tp.cobblegen_block":7,"stat.pickup.exnihiloadscensio.itemSeedBirch":5,"stat.breakItem.excompressum.compressed_crook":6,"stat.craftItem.minecraft.flint":12,"stat.craftItem.actuallyadditions.itemCrafterOnAStick":1,"stat.pickup.minecraft.gold_nugget":8,"stat.useItem.minecraft.clay":9,"stat.craftItem.excompressum.auto_heavy_sieve":1,"stat.pickup.exnihiloadscensio.blockCrucible":2,"stat.craftItem.minecraft.coal":103,"stat.pickup.exnihiloadscensio.itemOreNickel":289,"stat.useItem.excompressum.auto_compressor":3,"stat.fallOneCm":3826,"stat.pickup.excompressum.compressed_crook":1,"stat.pickup.minecraft.melon_seeds":9,"stat.mineBlock.enderio.blockStirlingGenerator":5,"stat.crouchOneCm":42933,"stat.mineBlock.minecraft.chest":6,"stat.craftItem.minecraft.chest":41,"stat.craftItem.minecraft.iron_ingot":295,"stat.craftingTableInteraction":372,"stat.craftItem.enderio.blockSagMill":1,"stat.mineBlock.exnihiloadscensio.blockBarrel1":2,"stat.pickup.exnihiloadscensio.itemMaterial":189,"stat.useItem.minecraft.furnace":3,"stat.pickup.exnihiloadscensio.itemSeedDarkOak":6,"stat.useItem.excompressum.compressed_crook":3546,"stat.pickup.minecraft.dye":185,"stat.pickup.minecraft.planks":53,"stat.pickup.minecraft.wheat_seeds":5,"stat.mineBlock.minecraft.gravel":12,"stat.breakItem.minecraft.stone_axe":2,"stat.useItem.minecraft.stone_pickaxe":81,"stat.pickup.literalascension.climbing_rope":16,"stat.craftItem.extrautils2.pipe":16,"stat.craftItem.rftools.machine_frame":2,"stat.pickup.exnihiloadscensio.itemSeedPotato":18,"stat.useItem.minecraft.torch":42,"stat.useItem.extrautils2.grocket":15,"stat.craftItem.minecraft.redstone_block":1,"stat.craftItem.minecraft.stone_stairs":8,"stat.pickup.minecraft.crafting_table":3,"stat.useItem.minecraft.cobblestone":94,"stat.craftItem.minecraft.crafting_table":16,"stat.craftItem.extrautils2.compressedgravel":371,"stat.mineBlock.enderio.blockConduitBundle":9,"stat.craftItem.enderio.itemMachinePart":11,"stat.craftItem.extrautils2.filter":2,"stat.useItem.minecraft.gravel":12,"stat.craftItem.ceramics.clay_bucket":5,"stat.pickup.extrautils2.grocket":13,"stat.mineBlock.enderio.blockCombustionGenerator":1,"stat.pickup.minecraft.log":541,"stat.pickup.exnihiloadscensio.itemOreLead":284,"stat.craftItem.minecraft.gold_ingot":46,"stat.craftItem.betterbuilderswands.wandStone":3,"stat.pickup.minecraft.sapling":859,"stat.pickup.exnihiloadscensio.itemOreCopper":23,"stat.craftItem.exnihiloadscensio.itemOreCopper":14,"stat.pickup.minecraft.apple":96,"stat.craftItem.enderio.blockCapBank":1,"stat.craftItem.minecraft.bucket":2,"stat.craftItem.minecraft.planks":1256,"stat.craftItem.minicoal.miniCharcoal":632,"stat.craftItem.enderio.blockAlloySmelter":1,"stat.pickup.extrautils2.filter":3,"stat.mineBlock.exnihiloadscensio.blockDust":1,"stat.craftItem.literalascension.climbing_rope":16,"stat.useItem.excompressum.compressed_block":4,"stat.pickup.actuallyadditions.blockGiantChest":1,"ftbl.stat.first_joined":{"value":0,"progress":1500045958946},"stat.mineBlock.minecraft.log":528,"stat.craftItem.woodenshears.wshears":54,"achievement.acquireIron":196,"stat.sneakTime":16824,"stat.mineBlock.storagedrawers.basicDrawers":2,"stat.craftItem.exnihiloadscensio.itemMaterial":7,"stat.mineBlock.extrautils2.compressedgravel":220,"stat.useItem.minecraft.wooden_axe":180,"stat.pickup.actuallyadditions.itemRiceSeed":20,"stat.pickup.extrautils2.pipe":21,"stat.craftItem.minecraft.cobblestone":199,"stat.pickup.minecraft.chest":6,"stat.craftItem.excompressum.auto_sieve":2,"stat.pickup.exnihiloadscensio.blockBarrel1":2,"stat.craftItem.ceramics.unfired_clay":5,"stat.mineBlock.minecraft.cobblestone":51,"stat.useItem.enderio.blockCapBank":1,"stat.craftItem.extrautils2.compressedcobblestone":359,"stat.swimOneCm":100,"stat.climbOneCm":8654,"achievement.buildWorkBench":30,"stat.useItem.exnihiloadscensio.crookWood":258,"stat.pickup.excompressum.auto_sieve":4,"stat.useItem.minecraft.dirt":3,"achievement.exploreAllBiomes":{"value":0,"progress":["Plains"]},"stat.craftItem.minecraft.furnace":15,"stat.pickup.tp.cobblegen_block":3,"stat.breakItem.woodenshears.wshears":53,"stat.useItem.storagedrawers.basicDrawers":18,"stat.pickup.minecraft.anvil":1,"stat.craftItem.minecraft.stone_pickaxe":1,"stat.pickup.minecraft.cobblestone":484,"stat.mineBlock.minecraft.clay":9,"stat.useItem.actuallyadditions.blockGiantChest":5,"stat.useItem.exnihiloadscensio.blockBarrel0":9,"stat.pickup.minecraft.clay":6,"stat.flyOneCm":533,"stat.useItem.exnihiloadscensio.blockBarrel1":4,"stat.craftItem.actuallyadditions.itemMisc":16,"stat.useItem.extrautils2.compressedgravel":220,"stat.craftItem.minecraft.wooden_slab":18,"stat.craftItem.extrautils2.compresseddirt":37,"stat.craftItem.extrautils2.grocket":12,"stat.pickup.extrautils2.compressedgravel":1,"stat.pickup.excompressum.auto_hammer":5,"stat.pickup.minecraft.redstone":108,"stat.useItem.excompressum.auto_hammer":7,"stat.timeSinceDeath":534610,"stat.useItem.exnihiloadscensio.blockDust":1,"stat.craftItem.minecraft.iron_block":10,"stat.craftItem.minecraft.stonebrick":20,"stat.useItem.minecraft.lever":1,"stat.pickup.exnihiloadscensio.itemOreGold":375,"stat.useItem.enderio.blockSagMill":1,"stat.pickup.integrateddynamics.menrilSapling":19,"stat.craftItem.excompressum.auto_compressed_hammer":1,"stat.useItem.enderio.blockStirlingGenerator":8,"stat.pickup.minecraft.string":71,"stat.mineBlock.minecraft.ladder":5,"stat.pickup.exnihiloadscensio.itemOreSilver":16,"stat.craftItem.enderio.blockCombustionGenerator":1,"stat.craftItem.excompressum.heavy_sieve":2,"stat.breakItem.excompressum.compressed_hammer_stone":3,"stat.sprintOneCm":16381,"stat.craftItem.minecraft.stick":512,"stat.craftItem.minecraft.wooden_axe":3,"stat.mineBlock.extrautils2.machine":2,"stat.craftItem.minecraft.stone":86,"stat.craftItem.minecraft.gold_nugget":126,"stat.mineBlock.minecraft.crafting_table":3,"stat.craftItem.betterbuilderswands.wandIron":4,"stat.useItem.excompressum.compressed_hammer_stone":785,"stat.useItem.ceramics.clay_bucket":3,"achievement.buildFurnace":10,"stat.mineBlock.minecraft.planks":35,"stat.useItem.extrautils2.compressedsand":205,"stat.craftItem.excompressum.wooden_crucible":3,"stat.useItem.minecraft.ladder":5,"stat.mineBlock.extrautils2.compressedsand":205,"stat.craftItem.extrautils2.flattransfernode":24,"stat.craftItem.minecraft.piston":5,"stat.pickup.exnihiloadscensio.itemSeedJungle":5,"stat.useItem.exnihiloadscensio.itemMaterial":4,"stat.pickup.extrautils2.machine":2,"stat.craftItem.minecraft.ladder":6,"stat.useItem.excompressum.auto_sieve":6,"stat.craftItem.exnihiloadscensio.hammerStone":55,"stat.useItem.extrautils2.machine":3,"stat.mineBlock.exnihiloadscensio.blockInfestedLeaves":55,"stat.pickup.minecraft.gravel":3421,"stat.useItem.extrautils2.compressedcobblestone":360,"stat.pickup.exnihiloadscensio.itemSeedSpruce":1,"stat.useItem.minecraft.apple":32,"stat.breakItem.minecraft.wooden_axe":3,"stat.pickup.exnihiloadscensio.itemPebble":1500,"stat.useItem.woodenshears.wshears":2049,"stat.jump":265,"stat.craftItem.enderio.itemPowerConduit":40,"stat.pickup.excompressum.auto_heavy_sieve":1,"stat.pickup.minecraft.coal":240,"stat.useItem.enderio.blockCombustionGenerator":1,"stat.pickup.minecraft.iron_ingot":26,"stat.craftItem.minecraft.lever":1,"stat.useItem.minecraft.stone_axe":373,"stat.pickup.minecraft.gunpowder":256,"stat.pickup.exnihiloadscensio.itemOreAluminium":17,"stat.craftItem.actuallyadditions.blockGiantChest":4,"stat.craftItem.minecraft.torch":56,"stat.pickup.minecraft.dirt":337,"stat.useItem.ironchest.BlockIronChest":1,"stat.mineBlock.excompressum.wooden_crucible":3,"stat.pickup.actuallyadditions.itemCanolaSeed":21,"stat.pickup.exnihiloadscensio.itemSeedSugarcane":14,"stat.useItem.minecraft.sapling":84,"stat.useItem.betterbuilderswands.wandStone":90,"stat.craftItem.excompressum.auto_hammer":2,"stat.craftItem.minecraft.flint_and_steel":1,"stat.pickup.minecraft.leaves":2048,"stat.damageTaken":110,"stat.craftItem.minecraft.iron_bars":32,"stat.craftItem.exnihiloadscensio.crookWood":26,"stat.mineBlock.minecraft.torch":11,"stat.pickup.immersiveengineering.metal":2,"stat.craftItem.storagedrawers.basicDrawers":16,"stat.pickup.exnihiloadscensio.itemOreIron":541,"stat.mineBlock.excompressum.compressed_block":4,"stat.pickup.enderio.blockCombustionGenerator":1,"stat.craftItem.extrautils2.compressedsand":211,"stat.craftItem.minecraft.glass":74,"stat.craftItem.exnihiloadscensio.blockSieve":2,"stat.pickup.exnihiloadscensio.itemSeedCarrot":25,"stat.craftItem.minecraft.cauldron":1,"stat.craftItem.minecraft.anvil":1,"stat.useItem.minecraft.crafting_table":4,"stat.mineBlock.excompressum.heavy_sieve":6,"stat.useItem.excompressum.auto_heavy_sieve":2,"stat.craftItem.immersiveengineering.storage":2,"stat.craftItem.minecraft.stone_slab":12,"stat.craftItem.enderio.itemBasicCapacitor":13,"stat.walkOneCm":1318518,"stat.pickup.ceramics.clay_bucket":2,"stat.craftItem.excompressum.compressed_block":203,"stat.useItem.minecraft.chest":7,"stat.pickup.minecraft.stick":70,"stat.pickup.minecraft.clay_ball":36,"stat.craftItem.enderio.itemAlloy":22,"ftbl.stat.last_seen":{"value":0,"progress":1503013639196},"stat.craftItem.rftools.coalgenerator":2,"stat.useItem.minecraft.leaves":3,"stat.pickup.minecraft.ladder":5,"stat.useItem.minecraft.netherrack":2,"stat.craftItem.enderio.blockTank":2,"stat.mineBlock.rftools.coalgenerator":1,"stat.pickup.actuallyadditions.itemCoffeeSeed":20,"stat.craftItem.exnihiloadscensio.hammerDiamond":11,"stat.craftItem.minecraft.tnt":1,"stat.pickup.exnihiloadscensio.blockDust":1918,"stat.pickup.storagedrawers.basicDrawers":2,"stat.useItem.excompressum.wooden_crucible":3,"stat.pickup.excompressum.wooden_crucible":3,"stat.pickup.enderio.blockStirlingGenerator":5,"stat.pickup.minecraft.diamond":11,"stat.mineBlock.minecraft.leaves":7849,"stat.pickup.minecraft.beetroot_seeds":25,"stat.pickup.minecraft.torch":12,"stat.pickup.minecraft.lava_bucket":1,"stat.useItem.actuallyadditions.blockAtomicReconstructor":2,"stat.pickup.rftools.coalgenerator":1,"stat.useItem.enderio.blockAlloySmelter":1,"stat.mineBlock.tp.cobblegen_block":3,"stat.breakItem.exnihiloadscensio.crookWood":2,"stat.useItem.betterbuilderswands.wandIron":38,"stat.useItem.excompressum.auto_compressed_hammer":1}