{"stat.pickup.actuallyadditions.itemDust":433,"stat.drop.minecraft.redstone":27,"stat.craftItem.botania.lexicon":1,"stat.pickup.actuallyadditions.itemCrafterOnAStick":2,"stat.craftItem.excompressum.compressed_hammer_stone":6,"stat.useItem.rftools.sensor_block":3,"stat.pickup.tconstruct.faucet":3,"stat.useItem.fluxnetworks.FluxPlug":1,"stat.pickup.natura.nether_logs":7,"stat.pickup.excompressum.compressed_block":5,"stat.craftItem.ironchest.BlockIronChest":17,"stat.craftItem.bigreactors.reactorcasingcores":33,"stat.craftItem.minecraft.stone_axe":3,"stat.pickup.minecraft.bucket":12,"achievement.botania:flowerPickup":16,"stat.pickup.roots.oldRoot":13,"stat.craftItem.minecraft.iron_shovel":1,"achievement.buildPickaxe":10,"stat.craftItem.bigreactors.reactorfuelrod":15,"stat.craftItem.excompressum.compressed_hammer_diamond":9,"stat.mineBlock.minecraft.end_stone":190,"stat.craftItem.extrautils2.machine":9,"stat.useItem.actuallyadditions.blockBreaker":10,"stat.useItem.minecraft.iron_pickaxe":1257,"stat.craftItem.tp.diamond_cobblegen_block":1,"stat.pickup.excompressum.heavy_sieve":10,"stat.pickup.exnihiloadscensio.itemSeedAcacia":4,"stat.pickup.tconstruct.seared_glass":159,"stat.pickup.botania.pestleAndMortar":2,"stat.craftItem.minecraft.glass_pane":48,"stat.craftItem.actuallyadditions.blockLavaFactoryController":1,"stat.pickup.enderio.blockXPVacuum":1,"stat.mineBlock.excompressum.auto_sieve":6,"stat.mineBlock.minecraft.sticky_piston":7,"stat.furnaceInteraction":420,"stat.useItem.minecraft.end_stone":190,"stat.craftItem.actuallyadditions.itemCrystal":63,"stat.craftItem.botania.fertilizer":6,"stat.mineBlock.enderio.blockXPVacuum":1,"stat.craftItem.botania.pestleAndMortar":1,"stat.mineBlock.tp.diamond_cobblegen_block":1,"stat.useItem.minecraft.flint_and_steel":26,"stat.mineBlock.snad.snad":16,"stat.craftItem.draconicevolution.draconium_block":1,"stat.useItem.integrateddynamics.menrilSapling":4,"stat.pickup.minecraft.lever":4,"stat.deaths":3,"stat.useItem.tconstruct.smeltery_io":51,"stat.craftItem.actuallyadditions.blockEmpowerer":1,"stat.pickup.natura.nether_sapling":224,"stat.craftItem.enderio.itemMaterial":1016,"stat.craftItem.minecraft.iron_pickaxe":5,"stat.pickup.minecraft.glass_pane":32,"stat.pickup.draconicevolution.draconium_ingot":260,"stat.drop.minecraft.iron_ingot":2,"stat.chestOpened":632,"stat.useItem.actuallyadditions.blockEmpowerer":2,"stat.craftItem.minecraft.quartz_block":51,"stat.craftItem.actuallyadditions.itemCrafterOnAStick":1,"stat.pickup.minecraft.gold_nugget":91,"stat.useItem.snad.snad":64,"stat.craftItem.minecraft.coal":1579,"stat.pickup.exnihiloadscensio.itemOreNickel":419,"stat.crouchOneCm":125967,"stat.craftItem.minecraft.diamond":342,"stat.craftItem.minecraft.iron_ingot":1381,"stat.craftingTableInteraction":417,"stat.craftItem.enderio.blockSagMill":1,"stat.craftItem.tconstruct.pattern":4,"stat.pickup.exnihiloadscensio.itemMaterial":232,"stat.mineBlock.tconstruct.smeltery_io":36,"stat.craftItem.tconstruct.seared_glass":248,"stat.pickup.minecraft.dye":451,"stat.pickup.minecraft.planks":75,"stat.craftItem.rftools.sequencer_block":3,"stat.craftItem.tconstruct.seared_furnace_controller":1,"stat.pickup.bigreactors.reactorpowertaprf":2,"stat.craftItem.extrautils2.pipe":128,"stat.craftItem.randomthings.advancedItemCollector":1,"stat.pickup.exnihiloadscensio.itemSeedPotato":18,"stat.craftItem.enderio.itemMachinePart":14,"stat.mineBlock.enderio.blockCombustionGenerator":1,"stat.craftItem.charsetwrench.wrench":1,"stat.pickup.exnihiloadscensio.itemOreLead":383,"stat.pickup.minecraft.end_stone":24,"stat.pickup.bigreactors.reactorcasing":15,"stat.craftItem.enderio.blockCapBank":1,"stat.craftItem.minecraft.bucket":18,"stat.craftItem.minecraft.planks":2988,"stat.craftItem.literalascension.climbing_rope":112,"stat.pickup.integrateddynamics.menrilBerries":79,"stat.pickup.minecraft.iron_door":1,"stat.mineBlock.natura.nether_leaves":148,"stat.mineBlock.storagedrawers.basicDrawers":2,"stat.craftItem.exnihiloadscensio.itemMaterial":277,"stat.pickup.extrautils2.pipe":152,"stat.mineBlock.integrateddynamics.menrilLogFilled":10,"stat.craftItem.minecraft.cobblestone":199,"draconicevolution.dust":5,"stat.useItem.rftools.crafter2":2,"stat.useItem.rftools.crafter3":1,"stat.mineBlock.darkutils.trap_move":10,"stat.useItem.enderio.itemLiquidConduit":73,"stat.useItem.quantumstorage.quantumdsu":2,"stat.mineBlock.minecraft.cobblestone":323,"stat.pickup.enderio.itemYetaWrench":1,"stat.useItem.enderio.blockCapBank":2,"stat.craftItem.minecraft.clock":2,"stat.drop.minecraft.cobblestone":1,"stat.useItem.exnihiloadscensio.crookWood":258,"stat.breakItem.minecraft.iron_pickaxe":4,"stat.craftItem.minecraft.furnace":58,"stat.pickup.tp.cobblegen_block":12,"stat.useItem.storagedrawers.basicDrawers":18,"stat.craftItem.bigreactors.ingotmetals":39,"stat.mineBlock.minecraft.clay":85,"stat.useItem.actuallyadditions.blockGiantChest":29,"stat.craftItem.actuallyadditions.itemMisc":173,"stat.useItem.excompressum.auto_hammer":8,"stat.useItem.minecraft.iron_door":2,"stat.craftItem.minecraft.iron_block":16,"stat.craftItem.minecraft.stonebrick":20,"stat.pickup.exnihiloadscensio.itemOreGold":409,"stat.craftItem.excompressum.auto_compressed_hammer":10,"achievement.buildSword":1,"stat.sprintOneCm":1056834,"stat.mineBlock.minecraft.stone_slab":2,"stat.pickup.immersiveengineering.tool":2,"integrateddynamics.meneglinDiscovery":116,"stat.craftItem.excompressum.wooden_crucible":3,"stat.mineBlock.extrautils2.compressedsand":205,"stat.pickup.minecraft.iron_block":690,"stat.craftItem.minecraft.dye":313,"stat.pickup.exnihiloadscensio.itemSeedJungle":5,"stat.useItem.actuallyadditions.blockFurnaceDouble":2,"stat.mineBlock.tp.iron_cobblegen_block":1,"stat.craftItem.botania.altar":1,"stat.pickup.minecraft.obsidian":43,"stat.useItem.bigreactors.reactorfuelrod":15,"stat.pickup.simplegenerators.lava_generator_2":1,"stat.pickup.exnihiloadscensio.itemPebble":1500,"stat.craftItem.rftools.sensor_block":1,"stat.pickup.minecraft.coal":286,"stat.pickup.minecraft.iron_ingot":175,"stat.pickup.tconstruct.seared_tank":37,"stat.craftItem.minecraft.lever":6,"stat.useItem.exnihiloadscensio.itemSeedSugarcane":14,"stat.pickup.minecraft.gunpowder":1253,"stat.pickup.minecraft.dirt":378,"stat.useItem.ironchest.BlockIronChest":2,"stat.pickup.exnihiloadscensio.itemSeedSugarcane":14,"stat.craftItem.enderio.blockExperienceObelisk":1,"stat.pickup.minecraft.iron_axe":2,"stat.mineBlock.minecraft.torch":49,"stat.mineBlock.minecraft.red_flower":14,"stat.pickup.fluxnetworks.FluxPoint":1,"stat.craftItem.minecraft.comparator":2,"stat.mineBlock.excompressum.compressed_block":4,"stat.craftItem.enderio.blockFusedQuartz":21,"stat.pickup.enderio.blockCombustionGenerator":1,"stat.craftItem.extrautils2.compressedsand":218,"stat.pickup.natura.nether_berrybush_stingberry":53,"stat.craftItem.exnihiloadscensio.blockSieve":2,"stat.craftItem.tconstruct.smeltery_io":32,"stat.craftItem.bigreactors.reactoraccessport":2,"stat.craftItem.rftools.coalgenerator":2,"stat.useItem.enderio.itemRedstoneConduit":100,"stat.pickup.bigreactors.dustmetals":1,"stat.useItem.minecraft.redstone_ore":14,"stat.craftItem.enderio.itemLiquidConduit":48,"stat.pickup.actuallyadditions.itemCoffeeSeed":20,"stat.mobKills":40,"stat.pickup.excompressum.wooden_crucible":3,"stat.pickup.minecraft.diamond":19,"stat.pickup.minecraft.beetroot_seeds":25,"stat.pickup.botania.specialFlower":3,"stat.drop.tconstruct.seared_tank":1,"stat.craftItem.rftools.machine_base":6,"stat.useItem.betterbuilderswands.wandIron":581,"stat.pickup.tp.diamond_cobblegen_block":1,"stat.pickup.enderio.itemPowerConduit":78,"stat.pickup.simplegenerators.lava_generator":9,"stat.killEntity.Blaze":40,"stat.useItem.rftools.coalgenerator":2,"stat.pickup.minecraft.glowstone_dust":123,"stat.pickup.enderio.itemRedstoneConduit":44,"stat.craftItem.tconstruct.casting":24,"stat.useItem.exnihiloadscensio.blockCrucible":38,"stat.mineBlock.simplegenerators.lava_generator":2,"stat.mineBlock.minecraft.sand":2,"stat.pickup.actuallyadditions.itemFlaxSeed":18,"stat.mineBlock.bigreactors.reactorpowertaprf":2,"stat.useItem.excompressum.heavy_sieve":11,"stat.pickup.minecraft.ghast_tear":5,"stat.craftItem.actuallyadditions.itemChestObsidian":1,"stat.craftItem.refinedstorage.silicon":3,"stat.craftItem.exnihiloadscensio.itemOreIron":297,"stat.useItem.extrautils2.pipe":213,"stat.pickup.extrautils2.compressedsand":63,"stat.pickup.actuallyadditions.blockTestifiBucksGreenWall":15,"stat.craftItem.randomthings.itemCollector":1,"stat.mineBlock.tconstruct.seared_glass":160,"stat.pickup.minecraft.stone_stairs":3,"stat.useItem.botania.petal":2,"stat.pickup.minecraft.pumpkin_seeds":9,"stat.mineBlock.exnihiloadscensio.blockCrucible":20,"stat.pickup.minecraft.blaze_rod":3,"stat.pickup.minecraft.netherrack":41,"stat.craftItem.darkutils.trap_move":128,"stat.pickup.exnihiloadscensio.itemMesh":14,"stat.pickup.tconstruct.casting":53,"stat.pickup.extrautils2.flattransfernode":73,"stat.useItem.actuallyadditions.blockLavaFactoryController":1,"stat.breakItem.excompressum.compressed_crook":7,"stat.craftItem.minecraft.flint":16,"stat.pickup.exnihiloadscensio.blockCrucible":20,"stat.pickup.simplecorn.kernels":5,"stat.useItem.excompressum.auto_compressor":22,"stat.craftItem.minecraft.iron_hoe":1,"stat.useItem.extrautils2.trashcan":1,"stat.pickup.excompressum.compressed_crook":2,"stat.pickup.minecraft.melon_seeds":9,"stat.craftItem.actuallyadditions.itemHelmObsidian":1,"stat.useItem.bigreactors.reactoraccessport":5,"stat.craftItem.actuallyadditions.blockDisplayStand":5,"stat.useItem.minecraft.furnace":3,"stat.pickup.exnihiloadscensio.itemSeedDarkOak":6,"stat.craftItem.tconstruct.materials":256,"stat.useItem.excompressum.compressed_crook":5182,"stat.mineBlock.minecraft.snow":3,"stat.mineBlock.minecraft.gravel":12,"stat.breakItem.minecraft.stone_axe":2,"stat.mineBlock.natura.nether_logs":7,"stat.craftItem.rftools.machine_frame":13,"stat.pickup.minecraft.flint_and_steel":2,"stat.useItem.minecraft.torch":218,"stat.craftItem.minecraft.redstone_block":7,"stat.craftItem.minecraft.stone_stairs":52,"stat.pickup.minecraft.crafting_table":3,"stat.useItem.minecraft.log":2,"stat.craftItem.minecraft.crafting_table":93,"stat.pickup.extrautils2.grocket":29,"stat.pickup.rftools.crafter2":1,"stat.useItem.actuallyadditions.itemChestToCrateUpgrade":6,"stat.craftItem.minecraft.stone_button":18,"stat.pickup.minecraft.sapling":1135,"stat.pickup.exnihiloadscensio.itemOreCopper":138,"stat.pickup.integrateddynamics.menrilLog":116,"stat.craftItem.actuallyadditions.itemBattery":2,"stat.craftItem.bigreactors.reactorcontroller":1,"stat.pickup.actuallyadditions.itemMisc":2,"stat.craftItem.minicoal.miniCharcoal":632,"stat.useItem.enderio.itemItemConduit":162,"stat.craftItem.enderio.blockAlloySmelter":1,"stat.mineBlock.exnihiloadscensio.blockDust":7,"stat.pickup.actuallyadditions.blockGiantChest":12,"draconicevolution.manual":1,"ftbl.stat.first_joined":{"value":0,"progress":1500045958946},"stat.craftItem.minecraft.sugar":16,"stat.mineBlock.extrautils2.compressedgravel":220,"stat.pickup.minecraft.stone_slab":4,"stat.pickup.actuallyadditions.itemRiceSeed":46,"stat.pickup.minecraft.yellow_flower":8,"stat.drop.minecraft.stone_pickaxe":1,"stat.craftItem.exnihiloadscensio.itemDoll":40,"stat.pickup.actuallyadditions.itemCrystal":257,"stat.craftItem.minecraft.sticky_piston":5,"stat.craftItem.ceramics.unfired_clay":5,"stat.pickup.minecraft.redstone_torch":7,"stat.mineBlock.tconstruct.tinker_tank_controller":7,"stat.craftItem.simplegenerators.lava_generator_2":1,"stat.useItem.enderstorage.enderStorage":3,"stat.craftItem.fluxnetworks.FluxCore":8,"stat.useItem.minecraft.diamond_sword":121,"stat.useItem.rftools.sequencer_block":3,"stat.climbOneCm":19506,"stat.pickup.excompressum.auto_sieve":6,"stat.breakItem.woodenshears.wshears":53,"stat.pickup.minecraft.anvil":1,"stat.craftItem.enderio.itemYetaWrench":1,"stat.craftItem.minecraft.stone_pickaxe":1,"stat.craftItem.actuallyadditions.blockPlacer":2,"stat.pickup.minecraft.cobblestone":1722,"stat.craftItem.actuallyadditions.blockBreaker":7,"stat.pickup.minecraft.soul_sand":507,"stat.craftItem.extrautils2.compresseddirt":37,"stat.pickup.minecraft.redstone":155,"stat.craftItem.minecraft.book":2,"stat.drop.minecraft.coal":2,"stat.craftItem.enderio.itemXpTransfer":2,"stat.pickup.integrateddynamics.menrilSapling":32,"stat.craftItem.tconstruct.soil":256,"stat.pickup.tconstruct.smeltery_controller":1,"stat.pickup.exnihiloadscensio.itemOreSilver":160,"stat.craftItem.enderio.blockCombustionGenerator":1,"stat.pickup.botania.petal":6,"stat.craftItem.minecraft.stick":1072,"stat.craftItem.minecraft.gold_nugget":315,"stat.useItem.excompressum.compressed_hammer_stone":785,"stat.pickup.botania.flower":16,"stat.mineBlock.minecraft.planks":42,"stat.useItem.extrautils2.compressedsand":205,"stat.drop":46,"stat.useItem.tp.diamond_cobblegen_block":2,"stat.useItem.tconstruct.seared":334,"stat.craftItem.extrautils2.flattransfernode":104,"stat.useItem.natura.nether_sapling":1,"stat.craftItem.actuallyadditions.blockFluidCollector":2,"stat.craftItem.minecraft.piston":17,"stat.useItem.exnihiloadscensio.itemMaterial":16,"stat.useItem.extrautils2.machine":6,"stat.craftItem.rftools.timer_block":2,"stat.useItem.minecraft.apple":146,"stat.pickup.excompressum.auto_heavy_sieve":4,"stat.useItem.botania.altar":1,"stat.pickup.botania.blazeBlock":1,"stat.useItem.minecraft.stone_axe":389,"stat.pickup.exnihiloadscensio.itemOreAluminium":104,"stat.craftItem.exnihiloadscensio.blockEndstoneCrushed":9,"stat.pickup.tconstruct.tinker_tank_controller":4,"stat.useItem.tconstruct.tinker_tank_controller":8,"stat.craftItem.excompressum.auto_hammer":2,"stat.craftItem.minecraft.flint_and_steel":1,"stat.pickup.exnihiloadscensio.hammerStone":1,"stat.mineBlock.minecraft.stone_stairs":3,"stat.craftItem.minecraft.iron_bars":48,"stat.drop.minecraft.water_bucket":1,"stat.craftItem.storagedrawers.basicDrawers":16,"stat.damageDealt":7980,"stat.pickup.snad.snad":15,"stat.craftItem.minecraft.bowl":4,"stat.craftItem.minecraft.anvil":1,"stat.useItem.minecraft.crafting_table":4,"stat.craftItem.minecraft.gravel":135,"stat.pickup.botania.doubleFlower1":1,"stat.craftItem.immersiveengineering.storage":12,"stat.craftItem.enderio.itemBasicCapacitor":26,"stat.pickup.ceramics.clay_bucket":4,"stat.pickup.minecraft.stick":125,"stat.pickup.immersiveengineering.storage":1759,"ftbl.stat.last_seen":{"value":0,"progress":1503596919642},"stat.drop.minecraft.iron_block":4,"stat.useItem.botania.specialFlower":3,"stat.useItem.bigreactors.reactorcontroller":2,"stat.craftItem.minecraft.redstone":864,"stat.useItem.torchmaster.mega_torch":11,"stat.useItem.literalascension.climbing_rope":53,"stat.pickup.exnihiloadscensio.crookWood":4,"stat.useItem.minecraft.iron_block":4,"stat.craftItem.minecraft.tnt":2,"stat.craftItem.exnihiloadscensio.blockDust":63,"stat.pickup.enderio.blockStirlingGenerator":5,"stat.mineBlock.minecraft.leaves":12041,"stat.pickup.natura.nether_berrybush_duskberry":56,"stat.mineBlock.minecraft.piston":2,"stat.mineBlock.tconstruct.seared":309,"stat.useItem.enderio.blockAlloySmelter":1,"stat.pickup.actuallyadditions.blockAtomicReconstructor":1,"stat.pickup.minecraft.wooden_slab":2,"stat.pickup.draconicevolution.draconium_dust":5,"stat.leaveGame":25,"stat.craftItem.fluxnetworks.FluxPlug":1,"stat.craftItem.actuallyadditions.itemBootsObsidian":1,"stat.useItem.minecraft.glowstone":2,"stat.craftItem.minecraft.ender_eye":2,"stat.mineBlock.gravestone.gravestone":3,"stat.craftItem.exnihiloadscensio.itemOreGold":94,"stat.craftItem.exnihiloadscensio.blockBarrel1":6,"stat.craftItem.exnihiloadscensio.blockBarrel0":9,"stat.craftItem.botania.blazeBlock":1,"stat.mineBlock.integrateddynamics.menrilTorch":1,"stat.craftItem.actuallyadditions.blockAtomicReconstructor":1,"stat.craftItem.excompressum.auto_compressor":20,"stat.craftItem.minecraft.iron_door":3,"stat.useItem.minecraft.iron_shovel":3,"stat.mineBlock.excompressum.auto_hammer":6,"stat.craftItem.tp.iron_cobblegen_block":4,"stat.mineBlock.botania.flower":16,"stat.pickup.exnihiloadscensio.hammerDiamond":1,"stat.craftItem.exnihiloadscensio.itemMesh":13,"stat.craftItem.excompressum.compressed_crook":9,"stat.mineBlock.rftools.sensor_block":2,"achievement.openInventory":2237,"stat.craftItem.actuallyadditions.blockMisc":62,"stat.pickup.tconstruct.smeltery_io":36,"stat.pickup.tp.iron_cobblegen_block":1,"stat.pickup.exnihiloadscensio.itemSeedOak":2,"stat.pickup.bigreactors.reactoraccessport":3,"stat.drop.actuallyadditions.itemMisc":1,"stat.useItem.minecraft.dye":239,"stat.useItem.enderio.itemPowerConduit":197,"stat.pickup.natura.nether_berrybush_skyberry":48,"stat.craftItem.immersiveengineering.metal":330,"stat.mineBlock.minecraft.tallgrass":116,"stat.pickup.tconstruct.seared":423,"stat.mineBlock.ironchest.BlockIronChest":1,"stat.pickup.extrautils2.compressedcobblestone":1,"stat.useItem.tp.cobblegen_block":33,"stat.useItem.minecraft.clay":85,"stat.craftItem.excompressum.auto_heavy_sieve":5,"stat.pickup.tconstruct.cast_custom":3,"stat.mineBlock.minecraft.chest":20,"stat.craftItem.enderio.itemBasicFilterUpgrade":12,"stat.craftItem.rftools.rftools_manual":1,"stat.craftItem.minecraft.hopper":13,"stat.mineBlock.integrateddynamics.menrilLog":106,"stat.mineBlock.exnihiloadscensio.blockBarrel1":7,"stat.mineBlock.exnihiloadscensio.blockBarrel0":2,"stat.pickup.actuallyadditions.blockCrystal":11,"stat.pickup.excompressum.auto_compressor":4,"stat.useItem.minecraft.reeds":29,"stat.pickup.ironchest.BlockIronChest":1,"stat.useItem.exnihiloadscensio.hammerDiamond":145,"stat.pickup.minecraft.wheat_seeds":10,"stat.mineBlock.minecraft.dirt":8,"stat.pickup.immersiveengineering.seed":5,"stat.useItem.minecraft.cobblestone":888,"stat.useItem.minecraft.gravel":12,"stat.pickup.actuallyadditions.blockEmpowerer":1,"stat.pickup.minecraft.iron_pickaxe":2,"stat.craftItem.minecraft.gold_ingot":631,"stat.pickup.minecraft.hopper":3,"stat.craftItem.chisel.chisel_iron":1,"stat.craftItem.integrateddynamics.menrilTorch":36,"stat.pickup.minecraft.apple":119,"stat.craftItem.immersiveengineering.tool":1,"stat.pickup.extrautils2.filter":11,"stat.mineBlock.excompressum.auto_compressor":4,"stat.pickup.actuallyadditions.blockFluidCollector":2,"stat.useItem.excompressum.compressed_block":4,"stat.craftItem.fluxnetworks.FluxBlock":1,"stat.useItem.actuallyadditions.blockMisc":4,"stat.mineBlock.minecraft.log":1317,"stat.useItem.integrateddynamics.menrilBerries":36,"achievement.acquireIron":210,"stat.craftItem.minecraft.paper":72,"stat.pickup.minecraft.red_flower":19,"stat.useItem.minecraft.wooden_axe":180,"stat.craftItem.tconstruct.tinker_tank_controller":3,"stat.craftItem.excompressum.auto_sieve":2,"stat.pickup.exnihiloadscensio.blockBarrel0":2,"stat.pickup.exnihiloadscensio.blockBarrel1":7,"stat.useItem.minecraft.iron_axe":986,"stat.mineBlock.minecraft.yellow_flower":8,"stat.useItem.integrateddynamics.menrilTorch":1,"achievement.actuallyadditions.getCrystalsMilestone":{"value":0,"progress":["17"]},"stat.craftItem.minecraft.wool":64,"achievement.buildWorkBench":172,"stat.pickup.minecraft.sticky_piston":3,"stat.pickup.integrateddynamics.menrilTorch":1,"stat.pickup.actuallyadditions.blockMisc":2,"stat.flyOneCm":48761,"stat.useItem.extrautils2.compressedgravel":220,"stat.craftItem.extrautils2.grocket":48,"stat.craftItem.enderstorage.enderStorage":4,"stat.craftItem.botania.dye":14,"stat.pickup.excompressum.auto_hammer":6,"stat.timeSinceDeath":1543489,"stat.useItem.exnihiloadscensio.blockDust":7,"stat.useItem.actuallyadditions.blockPlacer":2,"stat.pickup.bigreactors.reactorcontroller":1,"stat.mineBlock.enderio.blockCapBank":1,"stat.craftItem.tconstruct.seared":46,"stat.pickup.minecraft.nether_wart":56,"stat.craftItem.bigreactors.reactorpowertaprf":2,"stat.useItem.simplegenerators.lava_generator":2,"stat.pickup.minecraft.string":505,"stat.useItem.bigreactors.reactorpowertaprf":4,"stat.useItem.enderio.blockXPVacuum":2,"stat.mineBlock.minecraft.ladder":5,"stat.craftItem.excompressum.heavy_sieve":10,"stat.breakItem.excompressum.compressed_hammer_stone":3,"stat.craftItem.minecraft.wooden_axe":3,"stat.mineBlock.extrautils2.machine":4,"stat.mineBlock.integrateddynamics.menrilLeaves":162,"stat.useItem.ceramics.clay_bucket":3,"stat.useItem.tconstruct.seared_tank":37,"achievement.killEnemy":40,"stat.pickup.enderio.itemBasicFilterUpgrade":1,"stat.useItem.minecraft.ladder":5,"stat.pickup.minecraft.snowball":12,"stat.pickup.extrautils2.machine":4,"stat.useItem.minecraft.sticky_piston":12,"stat.craftItem.minecraft.ladder":6,"achievement.buildHoe":2,"stat.mineBlock.minecraft.stone_button":6,"stat.useItem.randomthings.advancedItemCollector":1,"stat.useItem.simplegenerators.lava_generator_2":1,"achievement.simplegenerators.craft_lava_gen":9,"stat.useItem.woodenshears.wshears":2049,"stat.craftItem.minecraft.diamond_sword":1,"stat.jump":2486,"stat.useItem.minecraft.sand":2,"stat.useItem.enderio.blockCombustionGenerator":1,"stat.craftItem.actuallyadditions.blockGiantChest":23,"stat.craftItem.minecraft.torch":264,"stat.craftItem.actuallyadditions.blockFurnaceDouble":2,"stat.mineBlock.excompressum.wooden_crucible":3,"stat.useItem.minecraft.sapling":136,"stat.damageTaken":2862,"stat.mineBlock.torchmaster.mega_torch":1,"stat.pickup.immersiveengineering.metal":28,"stat.mineBlock.minecraft.sapling":1,"stat.useItem.excompressum.auto_heavy_sieve":6,"stat.drop.botania.petal":4,"stat.craftItem.minecraft.stone_slab":66,"stat.useItem.minecraft.chest":40,"stat.craftItem.enderio.itemAlloy":211,"stat.useItem.tconstruct.faucet":8,"stat.craftItem.actuallyadditions.itemPantsObsidian":1,"stat.pickup.minecraft.ender_pearl":12,"stat.pickup.minecraft.ladder":5,"stat.useItem.minecraft.netherrack":38,"stat.craftItem.bigreactors.blockmetals":20,"stat.craftItem.enderio.blockTank":2,"stat.craftItem.draconicevolution.info_tablet":1,"stat.mineBlock.minecraft.glowstone":2,"stat.pickup.exnihiloadscensio.blockEndstoneCrushed":198,"stat.craftItem.minecraft.shears":1,"stat.pickup.minecraft.torch":141,"stat.pickup.rftools.coalgenerator":1,"stat.mineBlock.tp.cobblegen_block":12,"stat.breakItem.exnihiloadscensio.crookWood":2,"stat.craftItem.actuallyadditions.itemChestToCrateUpgrade":6,"stat.craftItem.enderio.blockStirlingGenerator":3,"stat.pickup.integrateddynamics.crystalizedMenrilChunk":22,"stat.mineBlock.tconstruct.seared_tank":35,"stat.craftItem.minecraft.iron_axe":4,"stat.mineBlock.extrautils2.compressedcobblestone":360,"stat.useItem.minecraft.planks":210,"stat.pickup.minecraft.blaze_powder":87,"stat.pickup.minecraft.glass":127,"stat.pickup.actuallyadditions.blockBreaker":4,"stat.craftItem.bigreactors.reactorcontrolrod":5,"stat.mineBlock.bigreactors.reactoraccessport":3,"stat.useItem.minecraft.water_bucket":43,"stat.pickup.minecraft.sand":2137,"stat.pickup.darkutils.trap_move":10,"stat.craftItem.minicoal.miniCoal":1664,"stat.craftItem.exnihiloadscensio.blockCrucible":40,"achievement.diamonds":12,"achievement.buildBetterPickaxe":10,"stat.pickup.actuallyadditions.itemBooklet":1,"stat.craftItem.minecraft.blaze_powder":225,"stat.craftItem.minecraft.hardened_clay":1,"stat.craftItem.bigreactors.reactorcasing":132,"stat.pickup.actuallyadditions.blockTestifiBucksWhiteWall":15,"stat.mineBlock.botania.doubleFlower1":1,"stat.craftItem.minecraft.ender_pearl":37,"stat.useItem.minecraft.redstone":8,"achievement.mineWood":275,"stat.mineBlock.excompressum.auto_heavy_sieve":2,"stat.useItem.minecraft.stone_stairs":20,"stat.pickup.enderio.itemPowderIngot":5,"stat.useItem.tconstruct.seared_glass":335,"stat.mineBlock.rftools.crafter2":1,"stat.craftItem.minecraft.sand":1764,"stat.craftItem.moarsigns.moar_sign":3,"stat.craftItem.minecraft.heavy_weighted_pressure_plate":24,"stat.useItem.rftools.timer_block":4,"stat.playOneMinute":2484182,"stat.useItem.exnihiloadscensio.hammerStone":98,"stat.pickup.minecraft.diamond_block":6,"stat.useItem.tp.iron_cobblegen_block":4,"stat.pickup.natura.overworld_seeds":4,"stat.mineBlock.simplegenerators.lava_generator_2":1,"stat.craftItem.tp.cobblegen_block":27,"stat.mineBlock.minecraft.netherrack":21,"stat.pickup.exnihiloadscensio.itemSeedBirch":5,"stat.craftItem.snad.snad":49,"stat.mineBlock.tconstruct.faucet":3,"stat.fallOneCm":61139,"stat.drop.minecraft.dye":1,"stat.mineBlock.enderio.blockStirlingGenerator":5,"stat.useItem.bigreactors.reactorcasing":103,"stat.craftItem.minecraft.chest":160,"stat.mineBlock.minecraft.lever":3,"stat.useItem.minecraft.iron_hoe":20,"stat.useItem.minecraft.stone_pickaxe":130,"stat.craftItem.tconstruct.seared_tank":3,"stat.pickup.literalascension.climbing_rope":27,"stat.pickup.enderio.itemItemConduit":64,"stat.useItem.extrautils2.grocket":54,"stat.craftItem.extrautils2.compressedgravel":371,"stat.mineBlock.enderio.blockConduitBundle":121,"stat.craftItem.extrautils2.filter":17,"stat.craftItem.ceramics.clay_bucket":5,"stat.pickup.minecraft.log":915,"stat.craftItem.betterbuilderswands.wandStone":3,"stat.craftItem.exnihiloadscensio.itemOreCopper":14,"stat.mineBlock.minecraft.iron_block":4,"stat.craftItem.tconstruct.smeltery_controller":2,"stat.craftItem.enderio.itemItemConduit":224,"stat.pickup.quantumstorage.quantumdsu":1,"stat.pickup.actuallyadditions.blockDisplayStand":1,"stat.craftItem.woodenshears.wshears":54,"stat.sneakTime":57438,"stat.pickup.minecraft.chest":20,"stat.mineBlock.bigreactors.reactorcasing":15,"stat.useItem.actuallyadditions.blockDisplayStand":5,"stat.craftItem.botania.petal":14,"stat.craftItem.tconstruct.faucet":6,"stat.craftItem.rftools.crafter2":2,"stat.craftItem.rftools.crafter1":2,"stat.craftItem.rftools.crafter3":1,"stat.craftItem.extrautils2.compressedcobblestone":368,"stat.useItem.botania.blazeBlock":9,"stat.craftItem.enderio.blockXPVacuum":1,"stat.swimOneCm":2559,"stat.useItem.minecraft.dirt":45,"achievement.exploreAllBiomes":{"value":0,"progress":["Plains","Extreme Hills"]},"stat.useItem.botania.fertilizer":4,"stat.pickup.minecraft.gold_block":397,"stat.useItem.exnihiloadscensio.blockBarrel0":10,"stat.pickup.minecraft.clay":24,"stat.useItem.exnihiloadscensio.blockBarrel1":13,"stat.useItem.actuallyadditions.blockFluidCollector":4,"stat.pickup.rftools.timer_block":2,"stat.drop.minecraft.wheat_seeds":1,"stat.craftItem.minecraft.wooden_slab":18,"stat.pickup.extrautils2.compressedgravel":1,"stat.pickup.actuallyadditions.itemFood":50,"stat.mineBlock.bigreactors.reactorcontroller":1,"stat.craftItem.torchmaster.mega_torch":11,"stat.useItem.minecraft.lever":10,"stat.useItem.enderio.blockSagMill":1,"stat.useItem.enderio.blockStirlingGenerator":8,"stat.pickup.natura.nether_berrybush_blightberry":54,"stat.craftItem.actuallyadditions.itemBatteryDouble":1,"stat.pickup.enderio.itemLiquidConduit":41,"stat.craftItem.enderio.itemRedstoneConduit":128,"stat.useItem.minecraft.stone_slab":11,"stat.mineBlock.botania.blazeBlock":1,"stat.craftItem.minecraft.stone":255,"stat.useItem.tconstruct.casting":76,"stat.mineBlock.minecraft.crafting_table":3,"stat.craftItem.betterbuilderswands.wandIron":15,"achievement.buildFurnace":16,"stat.pickup.minecraft.stone_button":6,"stat.useItem.excompressum.auto_sieve":8,"stat.craftItem.exnihiloadscensio.hammerStone":55,"stat.mineBlock.exnihiloadscensio.blockInfestedLeaves":606,"stat.pickup.minecraft.gravel":3445,"stat.useItem.extrautils2.compressedcobblestone":360,"stat.pickup.exnihiloadscensio.itemSeedSpruce":1,"stat.mineBlock.tconstruct.smeltery_controller":1,"stat.craftItem.fluxnetworks.FluxPoint":1,"stat.breakItem.minecraft.wooden_axe":3,"stat.mineBlock.quantumstorage.quantumdsu":1,"stat.craftItem.enderio.itemPowerConduit":176,"stat.useItem.minecraft.piston":6,"stat.useItem.actuallyadditions.itemRiceSeed":20,"stat.useItem.minecraft.stone_button":12,"stat.useItem.bigreactors.blockmetals":12,"stat.pickup.actuallyadditions.itemCanolaSeed":21,"stat.useItem.betterbuilderswands.wandStone":90,"stat.pickup.minecraft.leaves":2048,"stat.craftItem.exnihiloadscensio.crookWood":43,"stat.pickup.minecraft.reeds":117,"stat.pickup.exnihiloadscensio.itemOreIron":614,"stat.pickup.tconstruct.materials":68,"stat.craftItem.minecraft.glass":618,"stat.pickup.exnihiloadscensio.itemSeedCarrot":25,"stat.craftItem.minecraft.cauldron":1,"stat.mineBlock.excompressum.heavy_sieve":7,"stat.walkOneCm":5516822,"stat.craftItem.excompressum.compressed_block":276,"stat.craftItem.quantumstorage.quantumdsu":1,"stat.pickup.minecraft.clay_ball":342,"stat.mineBlock.rftools.timer_block":3,"stat.pickup.mysticalagriculture.inferium_essence":1,"stat.pickup.minecraft.stone":30,"stat.useItem.minecraft.leaves":3,"stat.pickup.minecraft.gold_ingot":56,"stat.mineBlock.rftools.coalgenerator":1,"stat.mineBlock.botania.specialFlower":1,"stat.mineBlock.minecraft.redstone_torch":13,"stat.craftItem.exnihiloadscensio.hammerDiamond":93,"stat.pickup.exnihiloadscensio.blockDust":1924,"stat.craftItem.simplegenerators.lava_generator":9,"stat.pickup.enderio.blockCapBank":1,"stat.pickup.storagedrawers.basicDrawers":2,"stat.pickup.minecraft.quartz":225,"stat.useItem.excompressum.wooden_crucible":3,"stat.craftItem.extrautils2.trashcan":1,"stat.breakItem.minecraft.iron_axe":3,"stat.useItem.bigreactors.reactorcontrolrod":5,"stat.pickup.minecraft.water_bucket":1,"stat.mineBlock.tconstruct.casting":53,"stat.pickup.minecraft.lava_bucket":1,"stat.useItem.actuallyadditions.blockAtomicReconstructor":2,"stat.useItem.tconstruct.smeltery_controller":3,"stat.useItem.excompressum.auto_compressed_hammer":9,"stat.pickup.betterbuilderswands.wandIron":2,"stat.useItem.darkutils.trap_move":73}