{"stat.useItem.minecraft.bow":3,"stat.pickup.actuallyadditions.itemDust":483,"stat.pickup.betterbuilderswands.wandDiamond":8,"stat.drop.minecraft.redstone":27,"stat.craftItem.botania.lexicon":1,"stat.pickup.actuallyadditions.itemCrafterOnAStick":5,"stat.craftItem.excompressum.compressed_hammer_stone":6,"stat.useItem.rftools.sensor_block":3,"stat.pickup.draconicevolution.mob_soul":2,"stat.useItem.draconicevolution.energy_pylon":2,"stat.drop.minecraft.enchanted_book":2,"stat.pickup.tconstruct.faucet":3,"stat.useItem.harvestcraft.calamarirawItem":3,"stat.useItem.fluxnetworks.FluxPlug":8,"stat.useItem.immersiveengineering.metalDevice1":8,"stat.drop.minecraft.coal_block":1,"stat.pickup.natura.nether_logs":7,"stat.craftItem.extrautils2.endershard":16,"stat.pickup.minecraft.rotten_flesh":41,"stat.pickup.excompressum.compressed_block":5,"stat.useItem.enderio.blockEnchanter":3,"stat.craftItem.ironchest.BlockIronChest":1043,"stat.craftItem.bigreactors.reactorcasingcores":69,"stat.craftItem.minecraft.stone_axe":3,"stat.pickup.minecraft.bucket":14,"achievement.botania:flowerPickup":29,"stat.killEntity.Enderman":14,"stat.pickup.roots.oldRoot":14,"stat.useItem.minecraft.anvil":1,"stat.craftItem.minecraft.iron_shovel":1,"stat.pickup.minecraft.brown_mushroom":3,"achievement.buildPickaxe":20,"stat.craftItem.bigreactors.reactorfuelrod":65,"stat.pickup.draconicevolution.wyvern_legs":1,"stat.craftItem.storagedrawers.upgradeTemplate":2,"stat.craftItem.excompressum.compressed_hammer_diamond":28,"stat.pickup.extrautils2.spike_gold":7,"stat.mineBlock.minecraft.end_stone":190,"stat.craftItem.extrautils2.machine":9,"stat.useItem.actuallyadditions.blockBreaker":10,"stat.useItem.hatchery.pen":48,"stat.useItem.minecraft.iron_pickaxe":1905,"stat.craftItem.tp.diamond_cobblegen_block":5,"stat.pickup.excompressum.heavy_sieve":10,"stat.pickup.exnihiloadscensio.itemSeedAcacia":4,"stat.pickup.tconstruct.seared_glass":159,"stat.pickup.botania.pestleAndMortar":6,"stat.craftItem.minecraft.glass_pane":64,"stat.craftItem.actuallyadditions.blockLavaFactoryController":1,"stat.pickup.enderio.blockXPVacuum":5,"stat.useItem.quantumstorage.quantumtank":2,"stat.mineBlock.excompressum.auto_sieve":7,"stat.mineBlock.minecraft.sticky_piston":28,"stat.furnaceInteraction":510,"stat.useItem.chickens.spawn_egg":7,"stat.craftItem.quantumstorage.quantumtank":1,"stat.pickup.minecraft.nether_brick":21,"stat.useItem.minecraft.end_stone":190,"stat.craftItem.mysticalagriculture.tier3_crafting_seed":4,"stat.craftItem.translocator.diamondNugget":9,"stat.craftItem.actuallyadditions.itemCrystal":63,"stat.useItem.minecraft.fence":87,"stat.craftItem.botania.fertilizer":24,"stat.mineBlock.enderio.blockXPVacuum":7,"stat.craftItem.botania.pestleAndMortar":2,"stat.mineBlock.tp.diamond_cobblegen_block":6,"stat.useItem.enderio.blockExperienceObelisk":2,"stat.useItem.minecraft.flint_and_steel":27,"stat.mineBlock.minecraft.fence":1,"stat.craftItem.mysticalagriculture.tier4_crafting_seed":4,"stat.useItem.minecraft.wheat_seeds":61,"stat.mineBlock.snad.snad":16,"stat.craftItem.draconicevolution.draconium_block":1,"stat.pickup.enderio.blockReinforcedObsidian":157,"stat.pickup.minecraft.emerald":12,"stat.useItem.integrateddynamics.menrilSapling":36,"stat.craftItem.mysticalagriculture.mystical_machine_frame":4,"stat.pickup.minecraft.lever":10,"stat.deaths":13,"stat.useItem.tconstruct.smeltery_io":53,"stat.pickup.minecraft.egg":838,"stat.craftItem.actuallyadditions.blockEmpowerer":1,"stat.craftItem.hatchery.manure_block":43,"stat.pickup.natura.nether_sapling":224,"stat.craftItem.enderio.itemMaterial":1409,"stat.craftItem.minecraft.iron_pickaxe":9,"stat.pickup.minecraft.glass_pane":32,"stat.craftItem.mysticalagriculture.tier5_crafting_seed":4,"draconicevolution.dislocator":1,"stat.pickup.draconicevolution.draconium_ingot":264,"stat.drop.minecraft.iron_ingot":2,"stat.craftItem.minecraft.repeater":2,"stat.pickup.draconicevolution.wyvern_bow":2,"stat.chestOpened":876,"stat.pickup.storagedrawers.drawerKey":1,"stat.useItem.moarsigns.moar_sign":9,"stat.useItem.draconicevolution.infused_obsidian":23,"stat.useItem.actuallyadditions.blockEmpowerer":2,"stat.craftItem.minecraft.quartz_block":147,"stat.craftItem.actuallyadditions.itemCrafterOnAStick":1,"stat.pickup.minecraft.gold_nugget":131,"stat.useItem.snad.snad":64,"stat.craftItem.minecraft.coal":5582,"stat.pickup.exnihiloadscensio.itemOreNickel":431,"stat.craftItem.minecraft.ender_chest":1,"stat.mineBlock.chickenchunks.chickenChunkLoader":3,"stat.crouchOneCm":387894,"stat.craftItem.minecraft.diamond":1522,"stat.craftItem.minecraft.iron_ingot":4905,"stat.craftingTableInteraction":441,"stat.craftItem.enderio.blockSagMill":1,"stat.craftItem.extrautils2.decorativesolid":128,"stat.pickup.minecraft.repeater":4,"stat.craftItem.tconstruct.pattern":292,"stat.pickup.exnihiloadscensio.itemMaterial":444,"stat.mineBlock.tconstruct.smeltery_io":37,"stat.craftItem.betterbuilderswands.wandDiamond":8,"stat.craftItem.tconstruct.seared_glass":248,"stat.pickup.minecraft.dye":1304,"stat.pickup.minecraft.planks":281,"stat.craftItem.rftools.sequencer_block":3,"stat.craftItem.tconstruct.seared_furnace_controller":1,"stat.pickup.bigreactors.reactorpowertaprf":2,"stat.craftItem.extrautils2.pipe":128,"stat.craftItem.randomthings.advancedItemCollector":4,"stat.craftItem.integrateddynamics.menrilPlanks":16,"stat.pickup.exnihiloadscensio.itemSeedPotato":18,"stat.pickup.tconstruct.pattern":2,"stat.craftItem.enderio.itemMachinePart":81,"stat.mineBlock.enderio.blockCombustionGenerator":1,"stat.craftItem.charsetwrench.wrench":1,"stat.pickup.exnihiloadscensio.itemOreLead":387,"stat.pickup.minecraft.chicken":68,"stat.craftItem.draconicevolution.draconium_ingot":63,"stat.pickup.minecraft.end_stone":27,"stat.pickup.bigreactors.reactorcasing":47,"stat.pickup.minecraft.coal_block":23,"stat.craftItem.enderio.blockCapBank":1,"stat.craftItem.minecraft.bucket":26,"stat.craftItem.minecraft.planks":11536,"stat.pickup.torchmaster.mega_torch":29,"stat.useItem.draconicevolution.energy_storage_core":2,"stat.useItem.integrateddynamics.menrilLog":4,"stat.pickup.minecraft.stone_sword":208,"stat.craftItem.literalascension.climbing_rope":176,"stat.pickup.minecraft.book":31,"stat.pickup.integrateddynamics.menrilBerries":830,"stat.useItem.chickens.liquid_egg":2,"stat.pickup.minecraft.iron_door":1,"stat.mineBlock.natura.nether_leaves":148,"stat.mineBlock.storagedrawers.basicDrawers":14,"stat.craftItem.exnihiloadscensio.itemMaterial":281,"stat.pickup.extrautils2.pipe":239,"stat.mineBlock.integrateddynamics.menrilLogFilled":75,"stat.useItem.actuallyadditions.itemWorm":3,"stat.craftItem.minecraft.cobblestone":244,"draconicevolution.dust":5,"stat.useItem.rftools.crafter2":6,"stat.useItem.rftools.crafter3":3,"stat.mineBlock.darkutils.trap_move":180,"stat.useItem.rftools.crafter1":8,"stat.useItem.enderio.blockReinforcedObsidian":187,"stat.useItem.enderio.itemLiquidConduit":169,"stat.useItem.quantumstorage.quantumdsu":43,"stat.mineBlock.minecraft.cobblestone":1074,"stat.pickup.minecraft.flint":9,"stat.pickup.enderio.itemYetaWrench":6,"stat.useItem.enderio.blockCapBank":2,"stat.craftItem.minecraft.clock":2,"stat.drop.minecraft.cobblestone":1,"stat.useItem.exnihiloadscensio.crookWood":258,"stat.pickup.bigreactors.reactorcontrolrod":5,"stat.breakItem.minecraft.iron_pickaxe":6,"stat.pickup.minecraft.iron_boots":1,"stat.craftItem.minecraft.furnace":175,"stat.pickup.tp.cobblegen_block":15,"stat.useItem.storagedrawers.basicDrawers":40,"stat.craftItem.bigreactors.ingotmetals":127,"stat.mineBlock.minecraft.clay":156,"stat.pickup.minecraft.diamond_leggings":1,"stat.useItem.actuallyadditions.blockGiantChest":60,"stat.craftItem.actuallyadditions.itemMisc":248,"stat.craftItem.extrautils2.passivegenerator":5,"stat.useItem.excompressum.auto_hammer":9,"stat.useItem.minecraft.iron_door":2,"stat.craftItem.minecraft.iron_block":26,"stat.craftItem.minecraft.stonebrick":148,"stat.pickup.exnihiloadscensio.itemOreGold":1333,"stat.craftItem.draconicevolution.energy_pylon":2,"stat.craftItem.excompressum.auto_compressed_hammer":11,"stat.killEntity.Creeper":1,"stat.craftItem.refinedstorage.quartz_enriched_iron":1,"stat.entityKilledBy.Skeleton":1,"achievement.buildSword":41,"stat.killEntity.Squid":5,"stat.sprintOneCm":6301957,"stat.mineBlock.minecraft.stone_slab":11,"stat.pickup.immersiveengineering.tool":6,"integrateddynamics.meneglinDiscovery":831,"stat.craftItem.darkutils.trap_move_fast":88,"stat.useItem.minecraft.cake":4,"stat.craftItem.excompressum.wooden_crucible":3,"stat.mineBlock.enderio.blockExperienceObelisk":1,"stat.useItem.draconicevolution.energy_infuser":1,"stat.mineBlock.extrautils2.compressedsand":532,"stat.useItem.enderio.blockDarkSteelAnvil":1,"stat.pickup.minecraft.iron_block":770,"stat.killEntity.Zombie":9,"stat.craftItem.minecraft.dye":1356,"stat.pickup.enderio.blockEndermanSkull":1,"stat.craftItem.minecraft.diamond_axe":2,"stat.craftItem.draconicevolution.energy_storage_core":1,"stat.pickup.minecraft.wheat":1323,"stat.craftItem.minecraft.sandstone":64,"stat.craftItem.mysticalagriculture.tier2_crafting_seed":5,"stat.pickup.exnihiloadscensio.itemSeedJungle":5,"stat.useItem.actuallyadditions.blockFurnaceDouble":5,"stat.mineBlock.tp.iron_cobblegen_block":4,"stat.craftItem.botania.altar":1,"stat.pickup.minecraft.obsidian":86,"stat.useItem.bigreactors.reactorfuelrod":65,"stat.pickup.simplegenerators.lava_generator_2":1,"stat.pickup.exnihiloadscensio.itemPebble":1500,"stat.craftItem.rftools.sensor_block":1,"stat.pickup.minecraft.coal":1572,"stat.pickup.minecraft.iron_ingot":265,"stat.pickup.tconstruct.seared_tank":44,"stat.craftItem.minecraft.lever":14,"stat.useItem.exnihiloadscensio.itemSeedSugarcane":14,"stat.pickup.minecraft.gunpowder":2133,"stat.pickup.minecraft.dirt":478,"stat.pickup.mysticalagriculture.draconium_essence":61,"stat.useItem.ironchest.BlockIronChest":4,"stat.pickup.exnihiloadscensio.itemSeedSugarcane":14,"stat.craftItem.enderio.blockExperienceObelisk":1,"stat.pickup.minecraft.iron_axe":2,"stat.mineBlock.minecraft.torch":116,"stat.mineBlock.minecraft.red_flower":20,"stat.pickup.fluxnetworks.FluxPoint":5,"stat.pickup.minecraft.written_book":1,"stat.craftItem.extrautils2.drum":4,"stat.pickup.minecraft.magma_cream":3,"stat.craftItem.minecraft.comparator":6,"stat.craftItem.minecraft.glowstone":32,"stat.mineBlock.excompressum.compressed_block":4,"stat.craftItem.enderio.blockFusedQuartz":21,"stat.pickup.minecraft.diamond_axe":3,"stat.pickup.enderio.blockCombustionGenerator":1,"stat.craftItem.extrautils2.compressedsand":346,"stat.pickup.natura.nether_berrybush_stingberry":53,"stat.craftItem.exnihiloadscensio.blockSieve":2,"stat.craftItem.extrautils2.wateringcan":1,"stat.pickup.draconicevolution.wyvern_helm":2,"stat.useItem.excompressum.compressed_hammer_diamond":327,"stat.useItem.extrautils2.resonator":1,"stat.useItem.hatchery.chickenmanure":513,"stat.craftItem.tconstruct.smeltery_io":32,"stat.pickup.minecraft.diamond_pickaxe":3,"stat.pickup.actuallyadditions.itemHelmObsidian":2,"stat.craftItem.bigreactors.reactoraccessport":2,"stat.useItem.actuallyadditions.blockPhantomPlacer":8,"stat.craftItem.rftools.coalgenerator":2,"stat.useItem.enderio.itemRedstoneConduit":308,"stat.pickup.actuallyadditions.itemWorm":3,"stat.pickup.bigreactors.dustmetals":142,"stat.drop.minecraft.egg":6,"stat.useItem.minecraft.redstone_ore":25,"stat.craftItem.enderio.itemLiquidConduit":112,"stat.pickup.actuallyadditions.itemCoffeeSeed":20,"stat.mineBlock.immersiveengineering.metalDevice1":4,"stat.mobKills":532,"stat.pickup.minecraft.diamond_boots":1,"stat.pickup.excompressum.wooden_crucible":3,"stat.pickup.enderio.blockExperienceObelisk":1,"stat.useItem.minecraft.boat":1,"stat.pickup.minecraft.diamond":170,"stat.craftItem.enderio.itemConduitProbe":2,"stat.pickup.minecraft.beetroot_seeds":25,"stat.useItem.enderio.blockSoulBinder":1,"stat.pickup.botania.specialFlower":3,"stat.drop.tconstruct.seared_tank":1,"stat.useItem.draconicevolution.draconic_spawner":1,"stat.craftItem.rftools.machine_base":6,"stat.useItem.tconstruct.toolforge":1,"stat.useItem.draconicevolution.dislocator_receptacle":1,"stat.useItem.betterbuilderswands.wandIron":681,"stat.craftItem.immersiveengineering.treatedWood":8,"stat.pickup.tp.diamond_cobblegen_block":6,"stat.craftItem.draconicevolution.energy_infuser":1,"stat.pickup.enderio.itemPowerConduit":385,"stat.pickup.simplegenerators.lava_generator":9,"stat.useItem.minecraft.soul_sand":108,"stat.killEntity.Blaze":154,"stat.pickup.tp.QuartzDust":87,"stat.useItem.rftools.coalgenerator":2,"stat.pickup.harvestcraft.calamarirawItem":5,"stat.pickup.minecraft.golden_boots":2,"stat.pickup.minecraft.glowstone_dust":599,"stat.pickup.draconicevolution.wyvern_sword":5,"stat.craftItem.draconicevolution.draconium_capacitor":1,"stat.pickup.enderio.itemRedstoneConduit":188,"achievement.overpowered":2,"stat.mineBlock.minecraft.red_mushroom":1,"stat.mineBlock.minecraft.nether_brick_fence":4,"stat.useItem.darkutils.trap_move_hyper":88,"stat.useItem.darkutils.ender_tether":2,"stat.craftItem.moreshears.diamondShears":4,"stat.mineBlock.tp.ReinforcedGlass":207,"stat.craftItem.tconstruct.casting":24,"stat.useItem.draconicevolution.draconium_block":232,"stat.useItem.exnihiloadscensio.blockCrucible":38,"stat.mineBlock.simplegenerators.lava_generator":2,"stat.mineBlock.minecraft.sand":3,"stat.pickup.actuallyadditions.itemFlaxSeed":18,"stat.useItem.minecraft.fence_gate":2,"stat.pickup.darkutils.shulker_pearl":3118,"stat.mineBlock.bigreactors.reactorpowertaprf":2,"stat.craftItem.mysticalagriculture.base_crafting_seed":6,"stat.useItem.excompressum.heavy_sieve":11,"stat.pickup.minecraft.ghast_tear":5,"stat.craftItem.actuallyadditions.itemChestObsidian":1,"stat.craftItem.refinedstorage.silicon":3,"stat.drop.minecraft.diamond_block":3,"stat.pickup.tconstruct.cleaver":1,"stat.craftItem.exnihiloadscensio.itemOreIron":297,"stat.pickup.hatchery.pen":13,"stat.useItem.extrautils2.pipe":216,"stat.pickup.actuallyadditions.itemChestObsidian":2,"stat.pickup.extrautils2.compressedsand":212,"stat.pickup.actuallyadditions.blockTestifiBucksGreenWall":15,"stat.craftItem.randomthings.itemCollector":4,"stat.mineBlock.tconstruct.seared_glass":160,"stat.pickup.minecraft.stone_stairs":9,"stat.useItem.botania.petal":19,"stat.craftItem.minecraft.fence_gate":3,"stat.craftItem.darkutils.ender_tether":1,"stat.pickup.minecraft.pumpkin_seeds":9,"stat.craftItem.immersiveengineering.material":4,"stat.mineBlock.minecraft.soul_sand":4,"stat.mineBlock.exnihiloadscensio.blockCrucible":20,"stat.pickup.minecraft.blaze_rod":372,"stat.craftItem.mysticalagriculture.soulium_dust":37,"stat.pickup.minecraft.netherrack":81,"stat.craftItem.darkutils.trap_move":240,"stat.pickup.exnihiloadscensio.itemMesh":21,"achievement.actuallyadditions.openBooklet":1,"stat.pickup.tconstruct.casting":59,"stat.pickup.extrautils2.flattransfernode":131,"stat.craftItem.mysticalagriculture.prosperity_shard":63,"stat.pickup.moarsigns.moar_sign":7,"stat.useItem.actuallyadditions.blockLavaFactoryController":1,"stat.breakItem.excompressum.compressed_crook":14,"stat.craftItem.minecraft.flint":37,"stat.pickup.exnihiloadscensio.blockCrucible":20,"stat.pickup.simplecorn.kernels":7,"stat.useItem.excompressum.auto_compressor":53,"stat.craftItem.minecraft.iron_hoe":2,"stat.useItem.extrautils2.trashcan":6,"stat.drop.minecraft.stone":3,"stat.pickup.excompressum.compressed_crook":2,"stat.pickup.minecraft.melon_seeds":9,"stat.mineBlock.excompressum.auto_compressed_hammer":10,"stat.craftItem.tconstruct.toolforge":1,"stat.craftItem.actuallyadditions.itemHelmObsidian":1,"stat.drop.minecraft.book":27,"stat.pickup.minecraft.golden_leggings":1,"stat.pickup.mysticalagriculture.prosperity_shard":614,"stat.useItem.bigreactors.reactoraccessport":5,"stat.craftItem.actuallyadditions.blockDisplayStand":5,"stat.useItem.minecraft.furnace":3,"stat.pickup.exnihiloadscensio.itemSeedDarkOak":6,"stat.pickup.excompressum.wood_chippings":286,"stat.craftItem.tconstruct.materials":261,"stat.useItem.excompressum.compressed_crook":8787,"stat.craftItem.extrautils2.ingredients":10,"stat.mineBlock.minecraft.snow":3,"stat.mineBlock.minecraft.gravel":12,"stat.breakItem.minecraft.stone_axe":2,"stat.mineBlock.natura.nether_logs":7,"stat.craftItem.rftools.machine_frame":18,"stat.pickup.minecraft.flint_and_steel":2,"stat.craftItem.mysticalagriculture.superium_essence":36,"stat.useItem.minecraft.torch":573,"stat.pickup.minecraft.golden_apple":1,"stat.craftItem.minecraft.redstone_block":12,"stat.craftItem.minecraft.stone_stairs":56,"stat.pickup.minecraft.crafting_table":3,"stat.useItem.minecraft.log":2,"stat.pickup.darkutils.ender_tether":3,"stat.craftItem.minecraft.crafting_table":139,"stat.craftItem.minecraft.boat":1,"stat.pickup.extrautils2.grocket":50,"stat.pickup.minecraft.redstone_block":150,"stat.pickup.rftools.crafter3":1,"stat.pickup.rftools.crafter2":4,"stat.pickup.tp.FleshBlock":35,"stat.pickup.rftools.crafter1":7,"stat.useItem.actuallyadditions.itemChestToCrateUpgrade":6,"stat.craftItem.minecraft.stone_button":19,"stat.craftItem.enderio.blockIngotStorage":3,"stat.pickup.minecraft.web":5,"stat.pickup.minecraft.sapling":1263,"stat.pickup.exnihiloadscensio.itemOreCopper":138,"stat.pickup.integrateddynamics.menrilLog":831,"stat.craftItem.actuallyadditions.itemBattery":2,"stat.pickup.withercrumbs.crumb_star":10,"stat.craftItem.bigreactors.reactorcontroller":1,"stat.pickup.actuallyadditions.itemMisc":99,"stat.craftItem.minicoal.miniCharcoal":632,"stat.useItem.enderio.itemItemConduit":561,"stat.craftItem.enderio.blockAlloySmelter":1,"stat.mineBlock.exnihiloadscensio.blockDust":7,"stat.pickup.actuallyadditions.blockGiantChest":208,"stat.pickup.extrautils2.trashcan":3,"draconicevolution.manual":1,"ftbl.stat.first_joined":{"value":0,"progress":1500045958946},"stat.craftItem.hatchery.pen":38,"stat.pickup.minecraft.golden_sword":31,"stat.craftItem.minecraft.sugar":144,"stat.mineBlock.extrautils2.compressedgravel":220,"stat.pickup.minecraft.stone_slab":13,"stat.pickup.actuallyadditions.itemRiceSeed":77,"stat.pickup.minecraft.yellow_flower":12,"stat.drop.minecraft.stone_pickaxe":1,"stat.craftItem.minecraft.diamond_chestplate":2,"stat.craftItem.exnihiloadscensio.itemDoll":44,"stat.pickup.actuallyadditions.itemCrystal":321,"stat.pickup.minecraft.bone":1071,"stat.craftItem.minecraft.sticky_piston":13,"stat.craftItem.ceramics.unfired_clay":5,"stat.pickup.minecraft.redstone_torch":97,"stat.mineBlock.tconstruct.tinker_tank_controller":10,"stat.craftItem.simplegenerators.lava_generator_2":1,"stat.craftItem.minecraft.bone":198,"stat.useItem.enderstorage.enderStorage":52,"stat.mineBlock.minecraft.brown_mushroom":4,"stat.craftItem.fluxnetworks.FluxCore":72,"stat.useItem.minecraft.diamond_sword":421,"stat.craftItem.minecraft.diamond_helmet":2,"stat.craftItem.extrautils2.glasscutter":1,"stat.craftItem.enderio.blockSoulBinder":1,"stat.useItem.rftools.sequencer_block":4,"stat.climbOneCm":27734,"stat.craftItem.mysticalagriculture.intermedium_essence":68,"stat.craftItem.minecraft.gold_block":16,"stat.pickup.excompressum.auto_sieve":7,"stat.pickup.lootbags.itemlootbag":83,"stat.useItem.fluxnetworks.FluxPoint":14,"stat.craftItem.minecraft.bone_block":14,"stat.breakItem.woodenshears.wshears":53,"stat.pickup.minecraft.anvil":1,"stat.craftItem.enderio.itemYetaWrench":1,"stat.craftItem.integrateddynamics.crystalizedMenrilBlock":1,"stat.craftItem.minecraft.stone_pickaxe":1,"stat.craftItem.actuallyadditions.blockPlacer":9,"stat.pickup.minecraft.cobblestone":3618,"stat.craftItem.actuallyadditions.blockBreaker":8,"stat.craftItem.mysticalagriculture.soulstone":784,"stat.pickup.minecraft.soul_sand":1436,"stat.craftItem.extrautils2.compresseddirt":37,"stat.pickup.minecraft.redstone":691,"stat.craftItem.minecraft.book":106,"stat.mineBlock.darkutils.ender_tether":1,"stat.drop.minecraft.coal":11,"stat.mineBlock.fluxnetworks.FluxPlug":6,"stat.craftItem.enderio.itemXpTransfer":3,"stat.pickup.integrateddynamics.menrilSapling":140,"stat.craftItem.tconstruct.soil":256,"stat.pickup.tconstruct.smeltery_controller":1,"stat.craftItem.darkutils.wither_block":64,"stat.pickup.exnihiloadscensio.itemOreSilver":174,"stat.mineBlock.bigreactors.reactorcontrolrod":5,"stat.craftItem.enderio.blockCombustionGenerator":1,"stat.pickup.botania.petal":7,"stat.pickup.minecraft.nether_star":10,"stat.mineBlock.draconicevolution.draconium_block":14,"stat.pickup.minecraft.paper":3,"stat.craftItem.minecraft.stick":2264,"stat.useItem.extrautils2.passivegenerator":5,"stat.craftItem.enderio.blockPoweredSpawner":1,"stat.craftItem.minecraft.gold_nugget":557,"stat.useItem.excompressum.compressed_hammer_stone":785,"stat.pickup.minecraft.diamond_chestplate":1,"stat.pickup.botania.flower":29,"stat.pickup.draconicevolution.wyvern_boots":1,"stat.breakItem.minecraft.shears":28,"stat.mineBlock.minecraft.planks":210,"stat.useItem.extrautils2.compressedsand":532,"stat.drop":133,"stat.useItem.tp.diamond_cobblegen_block":6,"stat.pickup.draconicevolution.draconic_core":1,"stat.craftItem.enderio.itemExtractSpeedUpgrade":15,"stat.useItem.tconstruct.seared":338,"stat.craftItem.extrautils2.flattransfernode":104,"stat.useItem.natura.nether_sapling":1,"stat.pickup.integrateddynamics.menrilLeaves":75,"stat.craftItem.actuallyadditions.blockFluidCollector":4,"stat.pickup.enderio.itemMaterial":60,"stat.craftItem.minecraft.piston":84,"stat.useItem.exnihiloadscensio.itemMaterial":27,"stat.useItem.extrautils2.machine":6,"stat.craftItem.rftools.timer_block":2,"stat.useItem.minecraft.apple":146,"stat.pickup.excompressum.auto_heavy_sieve":9,"stat.pickup.minecraft.fence":1,"stat.useItem.botania.altar":1,"stat.pickup.botania.blazeBlock":6,"stat.useItem.minecraft.stone_axe":389,"stat.pickup.exnihiloadscensio.itemOreAluminium":104,"stat.craftItem.exnihiloadscensio.blockEndstoneCrushed":72,"stat.pickup.tconstruct.tinker_tank_controller":7,"stat.useItem.tconstruct.tinker_tank_controller":11,"stat.boatOneCm":14047,"stat.useItem.chickenchunks.chickenChunkLoader":5,"stat.craftItem.excompressum.auto_hammer":2,"stat.craftItem.minecraft.flint_and_steel":1,"stat.useItem.enderio.itemSoulVessel":2,"stat.pickup.exnihiloadscensio.hammerStone":1,"stat.mineBlock.minecraft.stone_stairs":12,"stat.craftItem.minecraft.iron_bars":304,"stat.drop.minecraft.water_bucket":1,"stat.mineBlock.extrautils2.user":2,"stat.craftItem.storagedrawers.basicDrawers":47,"stat.killEntity.CaveSpider":4,"stat.pickup.minecraft.emerald_block":1,"stat.craftItem.extrautils2.user":1,"stat.damageDealt":140592,"stat.pickup.snad.snad":15,"stat.craftItem.minecraft.bowl":12,"stat.craftItem.minecraft.anvil":2,"stat.useItem.minecraft.crafting_table":4,"stat.craftItem.minecraft.gravel":135,"stat.pickup.botania.doubleFlower2":14,"stat.pickup.botania.doubleFlower1":7,"stat.craftItem.immersiveengineering.storage":53,"stat.craftItem.enderio.itemBasicCapacitor":119,"stat.pickup.ceramics.clay_bucket":4,"stat.pickup.minecraft.stick":274,"achievement.enchantments":11,"stat.pickup.immersiveengineering.storage":1759,"stat.mineBlock.immersiveengineering.stoneDevice":1,"ftbl.stat.last_seen":{"value":0,"progress":1504548031704},"stat.drop.minecraft.iron_block":4,"stat.craftItem.minecraft.writable_book":59,"stat.craftItem.minecraft.diamond_boots":2,"stat.useItem.minecraft.redstone_block":350,"stat.useItem.botania.specialFlower":3,"stat.useItem.bigreactors.reactorcontroller":2,"stat.craftItem.minecraft.redstone":1944,"stat.useItem.torchmaster.mega_torch":34,"stat.pickup.draconicevolution.draconium_block":14,"stat.killEntity.Chicken":1,"stat.useItem.literalascension.climbing_rope":115,"stat.pickup.exnihiloadscensio.crookWood":4,"stat.useItem.minecraft.iron_block":6,"stat.craftItem.minecraft.tnt":2,"stat.craftItem.exnihiloadscensio.blockDust":72,"stat.craftItem.minecraft.fence":168,"stat.useItem.minecraft.golden_apple":2,"stat.pickup.enderio.blockStirlingGenerator":5,"stat.mineBlock.minecraft.leaves":24647,"stat.pickup.natura.nether_berrybush_duskberry":56,"stat.mineBlock.minecraft.piston":14,"stat.mineBlock.tconstruct.seared":314,"stat.pickup.actuallyadditions.itemPantsObsidian":3,"stat.useItem.enderio.blockAlloySmelter":1,"stat.craftItem.minecraft.rotten_flesh":4988,"stat.pickup.actuallyadditions.blockAtomicReconstructor":1,"stat.pickup.minecraft.wooden_slab":2,"stat.pickup.draconicevolution.draconium_dust":5,"stat.craftItem.draconicevolution.wyvern_chest":1,"stat.leaveGame":60,"stat.craftItem.darkutils.material":65,"stat.craftItem.fluxnetworks.FluxPlug":5,"stat.craftItem.actuallyadditions.itemBootsObsidian":1,"stat.useItem.minecraft.glowstone":2,"stat.craftItem.minecraft.ender_eye":34,"stat.killEntity.PigZombie":24,"achievement.actuallyadditions.openBookletMilestone":{"value":0,"progress":["1"]},"stat.craftItem.chesttransporter.chesttransporter_obsidian":1,"stat.useItem.elevatorid.elevator_white":3,"stat.craftItem.storagedrawers.drawerKey":1,"stat.mineBlock.gravestone.gravestone":12,"stat.useItem.tp.ReinforcedGlass":207,"stat.craftItem.exnihiloadscensio.itemOreGold":94,"stat.craftItem.enderio.itemSoulVessel":2,"stat.craftItem.mysticalagriculture.soulium_ingot_block":4,"stat.pickup.minecraft.leather_boots":1,"stat.pickup.enderio.itemExtractSpeedUpgrade":15,"stat.craftItem.exnihiloadscensio.blockBarrel1":13,"stat.craftItem.exnihiloadscensio.blockBarrel0":9,"stat.drop.minecraft.sand":12,"stat.craftItem.mysticalagriculture.inferium_essence":142,"stat.craftItem.botania.blazeBlock":1,"stat.useItem.draconicevolution.particle_generator":36,"stat.useItem.storagedrawers.compDrawers":19,"stat.mineBlock.integrateddynamics.menrilTorch":1,"stat.craftItem.actuallyadditions.blockAtomicReconstructor":2,"stat.craftItem.excompressum.auto_compressor":26,"stat.craftItem.minecraft.iron_door":3,"stat.pickup.extrautils2.endershard":7,"stat.useItem.minecraft.iron_shovel":3,"stat.craftItem.actuallyadditions.itemDisenchantingLens":1,"stat.mineBlock.excompressum.auto_hammer":8,"stat.craftItem.tp.iron_cobblegen_block":5,"stat.mineBlock.botania.flower":29,"stat.pickup.exnihiloadscensio.hammerDiamond":4,"stat.craftItem.exnihiloadscensio.itemMesh":14,"stat.craftItem.excompressum.compressed_crook":9,"stat.useItem.moreshears.diamondShears":1914,"stat.craftItem.extrautils2.spike_gold":8,"stat.craftItem.tp.emerald_cobblegen_block":5,"stat.mineBlock.rftools.sensor_block":3,"stat.craftItem.integrateddynamics.crystalizedMenrilChunk":9,"stat.pickup.minecraft.cauldron":5,"stat.useItem.extrautils2.spike_gold":15,"stat.craftItem.enderio.itemPowerItemFilter":2,"achievement.openInventory":5560,"stat.craftItem.actuallyadditions.blockMisc":218,"stat.pickup.tconstruct.smeltery_io":37,"stat.pickup.tp.iron_cobblegen_block":4,"stat.pickup.enderio.blockPoweredSpawner":1,"stat.pickup.exnihiloadscensio.itemSeedOak":2,"stat.pickup.bigreactors.reactoraccessport":3,"stat.craftItem.minecraft.dropper":1,"stat.drop.actuallyadditions.itemMisc":1,"stat.useItem.minecraft.dye":1377,"stat.useItem.forge.bucketFilled":7,"stat.useItem.minecraft.nether_brick":7,"stat.useItem.enderio.itemPowerConduit":378,"stat.pickup.natura.nether_berrybush_skyberry":48,"stat.craftItem.immersiveengineering.metal":424,"stat.mineBlock.minecraft.tallgrass":172,"stat.craftItem.actuallyadditions.itemPhantomConnector":1,"stat.pickup.tconstruct.seared":428,"stat.mineBlock.ironchest.BlockIronChest":2,"stat.craftItem.minecraft.light_weighted_pressure_plate":4,"stat.mineBlock.enderio.blockReinforcedObsidian":187,"stat.useItem.minecraft.stone":18,"stat.pickup.minecraft.arrow":152,"stat.killEntity.Ghast":1,"stat.pickup.extrautils2.compressedcobblestone":1,"stat.useItem.tp.cobblegen_block":34,"stat.useItem.minecraft.clay":156,"stat.craftItem.excompressum.auto_heavy_sieve":5,"stat.pickup.tconstruct.cast_custom":4,"stat.mineBlock.minecraft.chest":29,"stat.pickup.exnihiloadscensio.itemOreArdite":2,"stat.craftItem.enderio.itemBasicFilterUpgrade":90,"stat.craftItem.rftools.rftools_manual":1,"stat.craftItem.minecraft.hopper":85,"stat.mineBlock.integrateddynamics.menrilLog":756,"stat.pickup.minecraft.nether_brick_fence":3,"stat.mineBlock.exnihiloadscensio.blockBarrel1":13,"stat.mineBlock.exnihiloadscensio.blockBarrel0":17,"stat.pickup.actuallyadditions.blockCrystal":22,"stat.pickup.excompressum.auto_compressor":27,"stat.useItem.minecraft.reeds":73,"stat.pickup.ironchest.BlockIronChest":53,"stat.craftItem.actuallyadditions.blockPhantomface":7,"stat.useItem.exnihiloadscensio.hammerDiamond":424,"stat.craftItem.draconicevolution.infused_obsidian":64,"stat.pickup.minecraft.wheat_seeds":1087,"stat.pickup.enderio.itemAlloy":20,"stat.useItem.minecraft.enchanting_table":1,"stat.pickup.darkutils.material":1483,"stat.mineBlock.minecraft.dirt":17,"stat.pickup.immersiveengineering.seed":5,"stat.useItem.minecraft.cobblestone":2388,"stat.useItem.minecraft.gravel":12,"stat.pickup.hatchery.nest":2,"stat.useItem.tp.emerald_cobblegen_block":5,"stat.useItem.enderio.blockPoweredSpawner":1,"stat.pickup.actuallyadditions.blockEmpowerer":1,"stat.pickup.minecraft.iron_pickaxe":2,"stat.craftItem.minecraft.gold_ingot":3013,"stat.pickup.minecraft.hopper":3,"stat.craftItem.chisel.chisel_iron":1,"stat.craftItem.integrateddynamics.menrilTorch":36,"stat.pickup.minecraft.apple":126,"stat.craftItem.immersiveengineering.tool":1,"achievement.portal":70,"stat.itemEnchanted":13,"stat.pickup.extrautils2.filter":25,"stat.mineBlock.excompressum.auto_compressor":27,"stat.pickup.actuallyadditions.blockFluidCollector":3,"stat.useItem.excompressum.compressed_block":4,"stat.craftItem.fluxnetworks.FluxBlock":1,"stat.useItem.actuallyadditions.blockMisc":4,"stat.mineBlock.fluxnetworks.FluxPoint":4,"stat.mineBlock.minecraft.log":2435,"stat.breakItem.moreshears.diamondShears":2,"stat.useItem.integrateddynamics.menrilBerries":435,"achievement.acquireIron":210,"stat.craftItem.minecraft.paper":840,"stat.pickup.minecraft.red_flower":25,"stat.useItem.actuallyadditions.itemPhantomConnector":53,"stat.useItem.minecraft.wooden_axe":180,"stat.craftItem.tconstruct.tinker_tank_controller":4,"stat.cakeSlicesEaten":21,"stat.craftItem.excompressum.auto_sieve":2,"stat.pickup.exnihiloadscensio.blockBarrel0":16,"stat.pickup.exnihiloadscensio.blockBarrel1":11,"stat.killEntity.headcrumbs.Human":20,"stat.craftItem.minecraft.diamond_leggings":4,"stat.craftItem.enderio.blockSliceAndSplice":1,"stat.useItem.minecraft.iron_axe":2185,"stat.mineBlock.minecraft.yellow_flower":12,"stat.pickup.extrautils2.spike_diamond":12,"stat.useItem.minecraft.skull":78,"stat.useItem.integrateddynamics.menrilTorch":1,"achievement.actuallyadditions.getCrystalsMilestone":{"value":0,"progress":["22"]},"stat.craftItem.minecraft.wool":237,"stat.pickup.minecraft.enchanted_book":39,"achievement.buildWorkBench":240,"stat.pickup.minecraft.writable_book":2,"stat.craftItem.chickens.henhouse":2,"stat.pickup.minecraft.sticky_piston":20,"stat.useItem.minecraft.obsidian":12,"stat.pickup.minecraft.bow":2,"stat.craftItem.mysticalagriculture.tier2_inferium_seeds":4,"stat.pickup.integrateddynamics.menrilTorch":1,"stat.useItem.extrautils2.spike_diamond":14,"stat.craftItem.tp.FleshBlock":1,"stat.useItem.minecraft.egg":22,"stat.mineBlock.minecraft.obsidian":2,"stat.pickup.actuallyadditions.blockMisc":4,"stat.craftItem.minecraft.bow":4,"stat.flyOneCm":188380,"stat.useItem.extrautils2.compressedgravel":220,"stat.pickup.draconicevolution.wyvern_chest":2,"stat.craftItem.extrautils2.grocket":48,"stat.craftItem.enderstorage.enderStorage":91,"stat.craftItem.botania.dye":84,"stat.pickup.excompressum.auto_hammer":8,"stat.timeSinceDeath":167844,"stat.useItem.exnihiloadscensio.blockDust":7,"stat.useItem.actuallyadditions.blockPlacer":2,"stat.killEntity.Bat":3,"stat.pickup.hatchery.chickenmanure":150,"stat.pickup.bigreactors.reactorcontroller":1,"stat.mineBlock.enderio.blockCapBank":1,"stat.craftItem.tconstruct.seared":46,"stat.pickup.minecraft.nether_wart":56,"stat.craftItem.bigreactors.reactorpowertaprf":2,"stat.pickup.extrautils2.ingredients":527,"stat.useItem.simplegenerators.lava_generator":2,"stat.drop.draconicevolution.wyvern_sword":1,"stat.pickup.minecraft.string":1446,"stat.useItem.bigreactors.reactorpowertaprf":4,"stat.useItem.enderio.blockXPVacuum":8,"stat.mineBlock.minecraft.ladder":5,"stat.mineBlock.rftools.sequencer_block":2,"stat.craftItem.excompressum.heavy_sieve":10,"stat.craftItem.tconstruct.tooltables":6,"stat.breakItem.excompressum.compressed_hammer_stone":3,"stat.useItem.extrautils2.drum":1,"stat.craftItem.minecraft.wooden_axe":3,"stat.mineBlock.extrautils2.machine":6,"stat.pickup.mysticalagriculture.seed_reprocessor":2,"stat.craftItem.randomthings.itemFilter":3,"stat.pickup.exnihiloadscensio.itemOreCobalt":1,"stat.craftItem.mysticalagriculture.tier1_inferium_seeds":4,"stat.craftItem.chickenchunks.chickenChunkLoader":13,"stat.mineBlock.integrateddynamics.menrilLeaves":2260,"stat.useItem.ceramics.clay_bucket":3,"stat.useItem.tconstruct.seared_tank":45,"achievement.killEnemy":447,"stat.craftItem.minecraft.golden_sword":8,"stat.pickup.enderio.itemBasicFilterUpgrade":14,"stat.useItem.minecraft.ladder":5,"stat.mineBlock.extrautils2.spike_gold":15,"stat.pickup.enderstorage.enderStorage":31,"stat.pickup.minecraft.snowball":12,"achievement.xu2.manual.mill":52,"stat.diveOneCm":13540,"stat.pickup.fluxnetworks.FluxPlug":6,"stat.pickup.extrautils2.machine":6,"stat.useItem.minecraft.sticky_piston":33,"stat.craftItem.minecraft.ladder":6,"achievement.buildHoe":3,"stat.mineBlock.minecraft.stone_button":7,"stat.useItem.randomthings.advancedItemCollector":4,"stat.useItem.simplegenerators.lava_generator_2":1,"achievement.simplegenerators.craft_lava_gen":9,"stat.useItem.woodenshears.wshears":2049,"stat.craftItem.minecraft.diamond_sword":8,"stat.jump":6198,"stat.useItem.minecraft.sand":3,"stat.useItem.enderio.blockCombustionGenerator":1,"stat.craftItem.actuallyadditions.blockGiantChest":95,"stat.craftItem.minecraft.torch":552,"stat.craftItem.actuallyadditions.blockFurnaceDouble":2,"stat.pickup.immersiveengineering.stoneDecoration":1,"stat.useItem.minecraft.glass":2,"stat.mineBlock.excompressum.wooden_crucible":3,"stat.useItem.minecraft.sapling":158,"achievement.blazeRod":92,"stat.damageTaken":134020,"stat.mineBlock.torchmaster.mega_torch":27,"stat.craftItem.enderio.blockDarkIronBars":144,"stat.pickup.immersiveengineering.metal":31,"stat.mineBlock.minecraft.sapling":2,"stat.craftItem.mysticalagriculture.draconium_seeds":4,"stat.craftItem.hatchery.animalnet":1,"stat.pickup.minecraft.potato":1,"stat.useItem.excompressum.auto_heavy_sieve":12,"stat.pickup.enderio.blockEnchanter":2,"stat.drop.botania.petal":4,"stat.craftItem.minecraft.stone_slab":78,"stat.pickup.hatchery.hatcheryegg":13,"stat.useItem.immersiveengineering.storage":18,"stat.animalsBred":17,"stat.useItem.minecraft.chest":46,"stat.mineBlock.integrateddynamics.menrilSapling":7,"stat.craftItem.enderio.itemAlloy":251,"stat.useItem.tconstruct.faucet":8,"stat.craftItem.actuallyadditions.itemPantsObsidian":1,"stat.pickup.minecraft.ender_pearl":119,"stat.pickup.minecraft.ladder":5,"stat.useItem.minecraft.netherrack":38,"stat.craftItem.bigreactors.blockmetals":70,"stat.craftItem.enderio.blockTank":2,"stat.useItem.hatchery.fertilized_dirt":1,"stat.craftItem.draconicevolution.info_tablet":1,"stat.mineBlock.minecraft.glowstone":2,"stat.pickup.exnihiloadscensio.blockEndstoneCrushed":212,"stat.craftItem.minecraft.shears":30,"stat.mineBlock.enderstorage.enderStorage":23,"stat.pickup.minecraft.torch":235,"stat.pickup.rftools.coalgenerator":1,"stat.mineBlock.tp.cobblegen_block":15,"stat.useItem.extrautils2.playerchest":1,"stat.breakItem.exnihiloadscensio.crookWood":2,"stat.craftItem.actuallyadditions.itemChestToCrateUpgrade":6,"stat.craftItem.enderio.blockStirlingGenerator":3,"stat.pickup.integrateddynamics.crystalizedMenrilChunk":156,"stat.mineBlock.tconstruct.seared_tank":42,"stat.craftItem.minecraft.iron_axe":10,"stat.pickup.minecraft.lapis_block":64,"stat.mineBlock.extrautils2.compressedcobblestone":360,"stat.pickup.immersiveengineering.metalDevice1":4,"stat.useItem.minecraft.planks":388,"stat.craftItem.actuallyadditions.blockPhantomPlacer":7,"stat.pickup.minecraft.blaze_powder":567,"stat.pickup.minecraft.glass":569,"stat.pickup.actuallyadditions.blockBreaker":4,"stat.craftItem.bigreactors.reactorcontrolrod":13,"stat.craftItem.hatchery.nest":44,"stat.mineBlock.bigreactors.reactoraccessport":3,"stat.useItem.minecraft.water_bucket":65,"stat.pickup.minecraft.sand":3335,"stat.pickup.darkutils.trap_move":180,"stat.craftItem.minicoal.miniCoal":2312,"stat.craftItem.darkutils.trap_move_hyper":88,"stat.craftItem.exnihiloadscensio.blockCrucible":40,"achievement.diamonds":49,"stat.craftItem.actuallyadditions.itemCrystalEmpowered":27,"stat.craftItem.extrautils2.resonator":1,"achievement.buildBetterPickaxe":20,"stat.pickup.actuallyadditions.itemBooklet":1,"stat.craftItem.minecraft.blaze_powder":225,"stat.drop.minecraft.golden_sword":23,"stat.craftItem.mysticalagriculture.seed_reprocessor":4,"stat.craftItem.minecraft.hardened_clay":1,"stat.craftItem.bigreactors.reactorcasing":276,"stat.pickup.actuallyadditions.blockTestifiBucksWhiteWall":15,"stat.mineBlock.botania.doubleFlower2":14,"stat.mineBlock.botania.doubleFlower1":7,"stat.craftItem.minecraft.ender_pearl":369,"stat.useItem.minecraft.redstone":17,"achievement.overkill":712,"achievement.mineWood":325,"stat.mineBlock.excompressum.auto_heavy_sieve":7,"stat.craftItem.mysticalagriculture.prudentium_essence":208,"stat.useItem.minecraft.stone_stairs":25,"stat.pickup.minecraft.skull":15,"stat.pickup.enderio.itemPowderIngot":71,"stat.craftItem.chickens.colored_egg":4,"stat.useItem.tconstruct.seared_glass":335,"stat.mineBlock.rftools.crafter3":1,"stat.mineBlock.rftools.crafter2":4,"stat.mineBlock.rftools.crafter1":7,"stat.craftItem.minecraft.sand":5217,"stat.craftItem.moarsigns.moar_sign":9,"stat.useItem.minecraft.hopper":1,"stat.craftItem.minecraft.heavy_weighted_pressure_plate":30,"stat.useItem.rftools.timer_block":5,"stat.useItem.hatchery.animalnet":309,"stat.playOneMinute":5554478,"stat.useItem.exnihiloadscensio.hammerStone":120,"stat.pickup.minecraft.diamond_block":6,"stat.useItem.minecraft.shears":3411,"stat.pickup.quantumstorage.quantumtank":1,"stat.useItem.tp.iron_cobblegen_block":4,"stat.pickup.natura.overworld_seeds":4,"stat.mineBlock.simplegenerators.lava_generator_2":1,"stat.mineBlock.immersiveengineering.stoneDecoration":30,"stat.pickup.draconicevolution.info_tablet":3,"stat.craftItem.immersiveengineering.metalDecoration2":6,"stat.craftItem.tp.cobblegen_block":27,"stat.mineBlock.minecraft.netherrack":22,"stat.pickup.exnihiloadscensio.itemSeedBirch":5,"stat.craftItem.snad.snad":49,"stat.mineBlock.tconstruct.faucet":3,"stat.pickup.mysticalagriculture.supremium_essence":20,"stat.pickup.minecraft.cooked_chicken":1,"stat.fallOneCm":159097,"stat.drop.minecraft.dye":1,"stat.mineBlock.enderio.blockStirlingGenerator":5,"stat.useItem.bigreactors.reactorcasing":247,"stat.craftItem.minecraft.chest":950,"draconicevolution.soul":2,"stat.mineBlock.minecraft.lever":5,"stat.useItem.minecraft.iron_hoe":89,"stat.pickup.draconicevolution.draconium_capacitor":1,"stat.craftItem.hatchery.fertilized_dirt":5,"stat.pickup.minecraft.feather":29,"stat.useItem.minecraft.stone_pickaxe":130,"stat.craftItem.tconstruct.seared_tank":5,"stat.pickup.literalascension.climbing_rope":117,"stat.pickup.minecraft.chainmail_boots":1,"stat.craftItem.draconicevolution.wyvern_boots":1,"stat.pickup.enderio.itemItemConduit":303,"stat.craftItem.draconicevolution.dislocator":1,"stat.useItem.extrautils2.grocket":55,"stat.useItem.withercrumbs.crumb_star":4,"stat.craftItem.extrautils2.compressedgravel":371,"stat.mineBlock.enderio.blockConduitBundle":246,"stat.craftItem.extrautils2.filter":17,"stat.craftItem.ceramics.clay_bucket":5,"stat.killEntity.LavaSlime":22,"stat.pickup.minecraft.log":1485,"stat.craftItem.betterbuilderswands.wandStone":3,"stat.entityKilledBy.Enderman":1,"stat.craftItem.exnihiloadscensio.itemOreCopper":14,"stat.mineBlock.minecraft.iron_block":6,"stat.craftItem.tconstruct.smeltery_controller":2,"stat.pickup.enderio.itemBrokenSpawner":3,"stat.craftItem.enderio.itemItemConduit":392,"stat.pickup.quantumstorage.quantumdsu":18,"stat.useItem.hatchery.nest":8,"stat.craftItem.hatchery.chickenmanure":387,"stat.pickup.minecraft.diamond_helmet":1,"stat.pickup.actuallyadditions.blockDisplayStand":1,"stat.craftItem.woodenshears.wshears":54,"stat.useItem.enderio.blockInhibitorObelisk":1,"stat.sneakTime":174473,"stat.craftItem.draconicevolution.wyvern_helm":1,"stat.mineBlock.hatchery.nest":2,"stat.pickup.minecraft.chest":30,"stat.craftItem.minecraft.enchanting_table":6,"stat.mineBlock.bigreactors.reactorcasing":47,"stat.craftItem.lootbags.itemlootbag":9,"stat.craftItem.enderio.blockReinforcedObsidian":34,"stat.useItem.actuallyadditions.blockDisplayStand":5,"stat.useItem.minecraft.repeater":5,"stat.craftItem.draconicevolution.wyvern_sword":1,"stat.craftItem.botania.petal":120,"stat.craftItem.tconstruct.faucet":6,"stat.craftItem.rftools.crafter2":6,"stat.craftItem.rftools.crafter1":7,"stat.craftItem.rftools.crafter3":3,"stat.craftItem.extrautils2.compressedcobblestone":368,"stat.useItem.botania.blazeBlock":24,"stat.craftItem.enderio.blockXPVacuum":2,"stat.swimOneCm":18518,"stat.craftItem.draconicevolution.draconic_spawner":1,"stat.useItem.minecraft.dirt":198,"achievement.exploreAllBiomes":{"value":0,"progress":["Plains","Extreme Hills","Hell"]},"stat.useItem.botania.fertilizer":14,"stat.pickup.roots.verdantSprig":1,"stat.pickup.excompressum.compressed_hammer_diamond":23,"stat.useItem.storagedrawers.controller":1,"stat.pickup.minecraft.gold_block":397,"stat.mineBlock.minecraft.redstone_block":22,"stat.useItem.hatchery.hatcheryegg":36,"stat.useItem.exnihiloadscensio.blockBarrel0":25,"stat.pickup.minecraft.clay":24,"stat.useItem.exnihiloadscensio.blockBarrel1":25,"stat.useItem.actuallyadditions.blockFluidCollector":7,"stat.pickup.rftools.timer_block":3,"stat.drop.minecraft.wheat_seeds":1,"stat.craftItem.minecraft.wooden_slab":18,"stat.pickup.extrautils2.compressedgravel":1,"stat.pickup.actuallyadditions.itemFood":82,"stat.mineBlock.bigreactors.reactorcontroller":1,"stat.craftItem.tp.blaze_cobblegen_block":5,"stat.pickup.minicoal.miniCharcoal":64,"stat.craftItem.torchmaster.mega_torch":11,"stat.useItem.extrautils2.user":3,"stat.useItem.minecraft.lever":20,"stat.useItem.enderio.blockSagMill":1,"stat.mineBlock.mysticalagriculture.seed_reprocessor":2,"stat.pickup.minecraft.stonebrick":3,"stat.mineBlock.extrautils2.trashcan":3,"stat.mineBlock.minecraft.nether_brick":26,"stat.useItem.enderio.blockStirlingGenerator":8,"stat.pickup.natura.nether_berrybush_blightberry":54,"stat.craftItem.enderio.blockEnchanter":1,"stat.craftItem.actuallyadditions.itemBatteryDouble":1,"stat.pickup.enderio.itemLiquidConduit":178,"stat.craftItem.draconicevolution.particle_generator":74,"stat.craftItem.enderio.itemRedstoneConduit":200,"stat.useItem.minecraft.stone_slab":11,"stat.mineBlock.botania.blazeBlock":7,"stat.craftItem.minecraft.stone":639,"stat.useItem.tconstruct.casting":81,"stat.mineBlock.extrautils2.spike_diamond":14,"stat.mineBlock.minecraft.crafting_table":3,"stat.craftItem.betterbuilderswands.wandIron":15,"stat.useItem.minecraft.diamond_pickaxe":1238,"stat.useItem.mysticalagriculture.seed_reprocessor":6,"stat.pickup.excompressum.auto_compressed_hammer":10,"achievement.buildFurnace":16,"stat.pickup.minecraft.stone_button":7,"stat.craftItem.draconicevolution.wyvern_legs":1,"stat.craftItem.minecraft.diamond_pickaxe":2,"stat.craftItem.draconicevolution.wyvern_pick":1,"stat.mineBlock.enderio.blockEnchanter":2,"stat.craftItem.draconicevolution.dislocator_receptacle":1,"stat.craftItem.mysticalagriculture.base_essence_ingot":4,"stat.pickup.actuallyadditions.blockFurnaceDouble":3,"stat.useItem.excompressum.auto_sieve":8,"stat.craftItem.exnihiloadscensio.hammerStone":55,"stat.mineBlock.exnihiloadscensio.blockInfestedLeaves":1362,"stat.pickup.minecraft.gravel":3702,"stat.craftItem.draconicevolution.wyvern_bow":1,"stat.useItem.extrautils2.compressedcobblestone":360,"stat.craftItem.immersiveengineering.metalDevice1":4,"stat.pickup.exnihiloadscensio.itemSeedSpruce":1,"stat.mineBlock.tconstruct.smeltery_controller":1,"stat.useItem.minecraft.diamond_axe":349,"stat.pickup.tp.ReinforcedGlass":205,"stat.craftItem.fluxnetworks.FluxPoint":13,"stat.pickup.chickenchunks.chickenChunkLoader":3,"stat.breakItem.minecraft.wooden_axe":3,"stat.mineBlock.quantumstorage.quantumdsu":4,"stat.pickup.extrautils2.user":2,"stat.pickup.minecraft.diamond_sword":2,"stat.pickup.actuallyadditions.itemBootsObsidian":2,"stat.craftItem.enderio.itemPowerConduit":456,"stat.useItem.tconstruct.tooltables":4,"stat.useItem.minecraft.piston":14,"stat.useItem.actuallyadditions.itemRiceSeed":20,"stat.craftItem.enderio.blockDarkSteelAnvil":1,"stat.pickup.minecraft.spider_eye":4,"stat.useItem.minecraft.stone_button":13,"stat.useItem.bigreactors.blockmetals":60,"stat.useItem.immersiveengineering.stoneDecoration":85,"stat.pickup.actuallyadditions.itemCanolaSeed":21,"stat.useItem.betterbuilderswands.wandStone":90,"stat.useItem.chickens.henhouse":2,"stat.pickup.minecraft.leaves":3927,"stat.craftItem.exnihiloadscensio.crookWood":43,"stat.craftItem.extrautils2.spike_diamond":8,"achievement.xu2.techtree.start":1056,"stat.useItem.enderio.blockSliceAndSplice":1,"stat.pickup.minecraft.reeds":1238,"stat.pickup.exnihiloadscensio.itemOreIron":614,"stat.craftItem.mysticalagriculture.tier1_crafting_seed":6,"stat.pickup.tconstruct.materials":343,"stat.craftItem.storagedrawers.controller":1,"stat.craftItem.minecraft.glass":1126,"stat.pickup.exnihiloadscensio.itemSeedCarrot":25,"stat.craftItem.minecraft.cauldron":10,"stat.pickup.draconicevolution.energy_storage_core":1,"stat.mineBlock.excompressum.heavy_sieve":7,"stat.pickup.minecraft.piston":8,"stat.walkOneCm":14840012,"stat.craftItem.immersiveengineering.stoneDecoration":90,"stat.craftItem.excompressum.compressed_block":390,"stat.craftItem.quantumstorage.quantumdsu":64,"stat.pickup.minecraft.clay_ball":626,"stat.craftItem.storagedrawers.compDrawers":19,"stat.craftItem.extrautils2.playerchest":1,"stat.craftItem.elevatorid.elevator_white":3,"stat.mineBlock.rftools.timer_block":4,"stat.pickup.mysticalagriculture.inferium_essence":668,"stat.mineBlock.hatchery.pen":13,"stat.useItem.betterbuilderswands.wandDiamond":333,"stat.pickup.minecraft.stone":145,"stat.craftItem.minecraft.hay_block":137,"stat.useItem.minecraft.leaves":6,"stat.pickup.minecraft.gold_ingot":105,"stat.killEntity.Skeleton":164,"stat.mineBlock.rftools.coalgenerator":1,"stat.mineBlock.botania.specialFlower":1,"stat.mineBlock.minecraft.redstone_torch":16,"stat.craftItem.tp.ReinforcedGlass":128,"stat.killEntity.Spider":4,"stat.craftItem.exnihiloadscensio.hammerDiamond":257,"stat.pickup.exnihiloadscensio.blockDust":4271,"stat.craftItem.simplegenerators.lava_generator":9,"stat.pickup.enderio.blockCapBank":1,"stat.pickup.storagedrawers.basicDrawers":14,"stat.pickup.minecraft.quartz":232,"stat.useItem.excompressum.wooden_crucible":3,"stat.pickup.mysticalagriculture.draconium_seeds":61,"stat.craftItem.extrautils2.trashcan":4,"stat.breakItem.minecraft.iron_axe":8,"stat.useItem.bigreactors.reactorcontrolrod":18,"stat.pickup.minecraft.water_bucket":1,"stat.mineBlock.tconstruct.casting":59,"stat.pickup.minecraft.lava_bucket":1,"stat.useItem.actuallyadditions.blockAtomicReconstructor":3,"stat.craftItem.minecraft.coal_block":57,"stat.craftItem.enderio.blockInhibitorObelisk":1,"stat.craftItem.minecraft.brick":10,"stat.mineBlock.minecraft.stone":5,"stat.useItem.tconstruct.smeltery_controller":3,"stat.pickup.actuallyadditions.blockPhantomPlacer":1,"stat.useItem.excompressum.auto_compressed_hammer":21,"stat.pickup.betterbuilderswands.wandIron":2,"stat.useItem.darkutils.trap_move":251}