{"stat.pickup.actuallyadditions.itemDust":16,"stat.craftItem.enderio.blockStirlingGenerator":1,"stat.craftItem.excompressum.auto_sieve":1,"stat.pickup.minecraft.wooden_slab":2,"stat.pickup.exnihiloadscensio.blockBarrel1":1,"stat.craftItem.ceramics.unfired_clay":3,"stat.leaveGame":1,"stat.mineBlock.minecraft.cobblestone":12,"stat.craftItem.excompressum.compressed_hammer_stone":2,"stat.craftItem.extrautils2.compressedcobblestone":112,"stat.mineBlock.extrautils2.compressedcobblestone":112,"stat.swimOneCm":100,"stat.climbOneCm":8654,"stat.useItem.minecraft.planks":203,"stat.useItem.rftools.coalgenerator":1,"achievement.buildWorkBench":1,"stat.pickup.minecraft.glowstone_dust":7,"stat.useItem.exnihiloadscensio.crookWood":258,"stat.pickup.minecraft.blaze_powder":4,"stat.craftItem.exnihiloadscensio.itemOreGold":16,"stat.useItem.minecraft.dirt":3,"achievement.exploreAllBiomes":{"value":0,"progress":["Plains"]},"stat.pickup.minecraft.sand":325,"stat.craftItem.minecraft.furnace":5,"stat.craftItem.minicoal.miniCoal":64,"stat.craftItem.minecraft.stone_axe":3,"stat.breakItem.woodenshears.wshears":53,"stat.useItem.storagedrawers.basicDrawers":18,"stat.craftItem.exnihiloadscensio.blockCrucible":2,"achievement.diamonds":4,"stat.craftItem.minecraft.stone_pickaxe":1,"stat.pickup.minecraft.cobblestone":77,"stat.useItem.exnihiloadscensio.blockCrucible":2,"stat.mineBlock.minecraft.clay":6,"stat.useItem.actuallyadditions.blockGiantChest":2,"stat.useItem.exnihiloadscensio.blockBarrel0":9,"stat.pickup.minecraft.clay":3,"stat.useItem.exnihiloadscensio.blockBarrel1":2,"achievement.buildPickaxe":1,"stat.craftItem.exnihiloadscensio.blockBarrel1":1,"stat.craftItem.exnihiloadscensio.blockBarrel0":9,"stat.useItem.extrautils2.compressedgravel":36,"stat.craftItem.minecraft.wooden_slab":18,"stat.craftItem.extrautils2.compresseddirt":37,"stat.craftItem.extrautils2.grocket":4,"stat.pickup.actuallyadditions.itemFlaxSeed":18,"achievement.buildBetterPickaxe":1,"stat.pickup.minecraft.redstone":15,"stat.useItem.excompressum.auto_hammer":1,"stat.pickup.actuallyadditions.itemBooklet":1,"stat.craftItem.extrautils2.machine":1,"stat.timeSinceDeath":250716,"stat.useItem.exnihiloadscensio.blockDust":1,"stat.pickup.excompressum.heavy_sieve":3,"stat.pickup.exnihiloadscensio.itemSeedAcacia":4,"stat.craftItem.minecraft.iron_block":2,"stat.useItem.excompressum.heavy_sieve":4,"stat.craftItem.minecraft.stonebrick":8,"stat.craftItem.minecraft.glass_pane":16,"stat.pickup.exnihiloadscensio.itemOreGold":79,"stat.furnaceInteraction":61,"stat.pickup.integrateddynamics.menrilSapling":19,"stat.craftItem.exnihiloadscensio.itemOreIron":50,"stat.useItem.enderio.blockStirlingGenerator":2,"stat.craftItem.exnihiloadscensio.itemMesh":4,"stat.pickup.minecraft.string":71,"stat.craftItem.excompressum.compressed_crook":6,"stat.mineBlock.minecraft.ladder":5,"stat.useItem.extrautils2.pipe":2,"stat.pickup.exnihiloadscensio.itemOreSilver":10,"achievement.mineWood":171,"stat.craftItem.excompressum.heavy_sieve":1,"stat.sprintOneCm":4609,"stat.useItem.minecraft.stone_stairs":5,"stat.craftItem.minecraft.stick":372,"stat.craftItem.minecraft.wooden_axe":3,"stat.mineBlock.extrautils2.machine":2,"achievement.openInventory":286,"stat.craftItem.actuallyadditions.blockMisc":2,"stat.craftItem.minecraft.stone":22,"stat.craftItem.minecraft.gold_nugget":9,"stat.pickup.exnihiloadscensio.itemSeedOak":2,"stat.mineBlock.minecraft.crafting_table":2,"stat.pickup.minecraft.pumpkin_seeds":9,"stat.useItem.excompressum.compressed_hammer_stone":183,"stat.craftItem.minecraft.heavy_weighted_pressure_plate":2,"stat.useItem.ceramics.clay_bucket":2,"stat.mineBlock.exnihiloadscensio.blockCrucible":1,"achievement.buildFurnace":2,"stat.mineBlock.minecraft.planks":34,"stat.useItem.extrautils2.compressedsand":35,"stat.playOneMinute":250716,"stat.useItem.exnihiloadscensio.hammerStone":5,"stat.craftItem.excompressum.wooden_crucible":3,"stat.useItem.minecraft.ladder":5,"stat.mineBlock.extrautils2.compressedsand":35,"stat.pickup.exnihiloadscensio.itemMesh":3,"stat.chestOpened":11,"stat.craftItem.minecraft.piston":1,"stat.pickup.exnihiloadscensio.itemSeedJungle":5,"stat.useItem.exnihiloadscensio.itemMaterial":4,"stat.pickup.extrautils2.machine":2,"stat.craftItem.minecraft.ladder":6,"stat.useItem.excompressum.auto_sieve":1,"stat.craftItem.exnihiloadscensio.hammerStone":19,"stat.useItem.extrautils2.machine":2,"stat.craftItem.tp.cobblegen_block":2,"stat.mineBlock.exnihiloadscensio.blockInfestedLeaves":55,"stat.pickup.minecraft.gravel":1066,"stat.useItem.extrautils2.compressedcobblestone":112,"stat.pickup.exnihiloadscensio.itemSeedSpruce":1,"stat.useItem.minecraft.apple":30,"stat.useItem.tp.cobblegen_block":2,"stat.breakItem.minecraft.wooden_axe":3,"stat.pickup.exnihiloadscensio.itemSeedBirch":5,"stat.breakItem.excompressum.compressed_crook":6,"stat.craftItem.minecraft.flint":4,"stat.pickup.exnihiloadscensio.itemPebble":1500,"stat.useItem.minecraft.clay":6,"stat.pickup.exnihiloadscensio.blockCrucible":1,"stat.craftItem.minecraft.coal":39,"stat.pickup.exnihiloadscensio.itemOreNickel":68,"stat.useItem.woodenshears.wshears":2049,"stat.jump":181,"stat.pickup.minecraft.coal":131,"stat.fallOneCm":1972,"stat.pickup.minecraft.iron_ingot":4,"stat.pickup.excompressum.compressed_crook":1,"stat.useItem.minecraft.stone_axe":350,"stat.pickup.minecraft.melon_seeds":9,"stat.pickup.minecraft.gunpowder":38,"stat.mineBlock.enderio.blockStirlingGenerator":2,"stat.crouchOneCm":31203,"stat.pickup.exnihiloadscensio.itemOreAluminium":5,"stat.mineBlock.minecraft.chest":1,"stat.craftItem.actuallyadditions.blockGiantChest":2,"stat.craftItem.minecraft.chest":25,"stat.craftItem.minecraft.torch":24,"stat.craftItem.minecraft.iron_ingot":44,"stat.pickup.minecraft.dirt":337,"stat.craftingTableInteraction":210,"stat.mineBlock.excompressum.wooden_crucible":3,"stat.pickup.actuallyadditions.itemCanolaSeed":21,"stat.pickup.exnihiloadscensio.itemSeedSugarcane":14,"stat.useItem.minecraft.sapling":84,"stat.useItem.betterbuilderswands.wandStone":90,"stat.craftItem.excompressum.auto_hammer":1,"stat.mineBlock.exnihiloadscensio.blockBarrel1":1,"stat.pickup.minecraft.leaves":2048,"stat.damageTaken":60,"stat.craftItem.exnihiloadscensio.crookWood":26,"stat.mineBlock.minecraft.torch":4,"stat.pickup.exnihiloadscensio.itemMaterial":189,"stat.useItem.minecraft.furnace":1,"stat.pickup.exnihiloadscensio.itemSeedDarkOak":6,"stat.useItem.excompressum.compressed_crook":3546,"stat.craftItem.storagedrawers.basicDrawers":16,"stat.pickup.minecraft.dye":59,"stat.pickup.minecraft.planks":51,"stat.pickup.exnihiloadscensio.itemOreIron":170,"stat.pickup.minecraft.wheat_seeds":5,"stat.mineBlock.minecraft.gravel":1,"stat.craftItem.extrautils2.compressedsand":35,"stat.breakItem.minecraft.stone_axe":2,"stat.useItem.minecraft.stone_pickaxe":14,"stat.craftItem.minecraft.glass":10,"stat.craftItem.exnihiloadscensio.blockSieve":1,"stat.pickup.literalascension.climbing_rope":16,"stat.pickup.exnihiloadscensio.itemSeedCarrot":25,"stat.craftItem.extrautils2.pipe":16,"stat.useItem.minecraft.crafting_table":3,"stat.mineBlock.excompressum.heavy_sieve":3,"stat.craftItem.rftools.machine_frame":1,"stat.craftItem.minecraft.stone_slab":12,"stat.pickup.exnihiloadscensio.itemSeedPotato":18,"stat.walkOneCm":581291,"stat.useItem.minecraft.torch":24,"stat.craftItem.excompressum.compressed_block":34,"stat.useItem.minecraft.chest":1,"stat.pickup.minecraft.stick":32,"stat.useItem.extrautils2.grocket":2,"stat.craftItem.minecraft.stone_stairs":8,"stat.pickup.minecraft.crafting_table":2,"stat.pickup.minecraft.clay_ball":24,"stat.useItem.minecraft.cobblestone":12,"stat.craftItem.minecraft.crafting_table":1,"stat.craftItem.extrautils2.compressedgravel":111,"stat.craftItem.enderio.itemMachinePart":2,"stat.useItem.minecraft.gravel":1,"stat.craftItem.ceramics.clay_bucket":3,"ftbl.stat.last_seen":{"value":0,"progress":1500050169503},"stat.craftItem.rftools.coalgenerator":1,"stat.pickup.minecraft.log":519,"stat.pickup.exnihiloadscensio.itemOreLead":77,"stat.craftItem.minecraft.gold_ingot":1,"stat.craftItem.betterbuilderswands.wandStone":3,"stat.pickup.minecraft.sapling":852,"stat.useItem.minecraft.leaves":3,"stat.pickup.exnihiloadscensio.itemOreCopper":15,"stat.pickup.minecraft.apple":95,"stat.pickup.minecraft.ladder":5,"stat.craftItem.minecraft.planks":1072,"stat.craftItem.minicoal.miniCharcoal":312,"stat.pickup.actuallyadditions.itemCoffeeSeed":20,"stat.mineBlock.exnihiloadscensio.blockDust":1,"stat.craftItem.exnihiloadscensio.hammerDiamond":1,"stat.craftItem.literalascension.climbing_rope":16,"stat.pickup.exnihiloadscensio.blockDust":397,"ftbl.stat.first_joined":{"value":0,"progress":1500045958946},"stat.mineBlock.minecraft.log":506,"stat.pickup.storagedrawers.basicDrawers":2,"stat.useItem.excompressum.wooden_crucible":3,"stat.pickup.excompressum.wooden_crucible":3,"stat.craftItem.woodenshears.wshears":54,"stat.pickup.enderio.blockStirlingGenerator":2,"achievement.acquireIron":34,"stat.pickup.minecraft.diamond":4,"stat.mineBlock.minecraft.leaves":7849,"stat.pickup.minecraft.beetroot_seeds":25,"stat.pickup.minecraft.torch":5,"stat.sneakTime":12425,"stat.mineBlock.storagedrawers.basicDrawers":2,"stat.craftItem.exnihiloadscensio.itemMaterial":7,"stat.mineBlock.extrautils2.compressedgravel":36,"stat.useItem.minecraft.wooden_axe":180,"stat.breakItem.exnihiloadscensio.crookWood":2,"stat.pickup.actuallyadditions.itemRiceSeed":20,"stat.craftItem.minecraft.cobblestone":199,"stat.pickup.minecraft.chest":1}